request_id,patient_id,department,reason,timestamp_requested,source_location,destination_location,urgency,requested_by,porter_id,timestamp_assigned,timestamp_arrived_source,timestamp_handover_confirmed,sla_minutes,status,delay_reason
REQ00567,PT9644,Emergency Medicine,Discharge transport,2026-08-27 17:12:31,Ward B2 (Orthopedics),Radiology - CT,Urgent,Radiology Tech,P06,2026-08-27 17:20:51,2026-08-27 17:24:22,2026-08-27 17:32:31,30,Completed,
REQ00180,PT8005,Cardiology,Pre-op transfer to OT,2026-08-25 07:25:36,Recovery / PACU,OT Complex - Theatre 2,Urgent,Staff Nurse,P05,2026-08-25 07:37:20,2026-08-25 07:39:02,2026-08-25 07:43:05,30,Completed,
REQ00168-DUP,PT7098,Nephrology,ICU transfer,2026-08-30 17:10:00,Ward A2 (General Surgery),ICU,Urgent,Staff Nurse,P05,2026-08-30 17:14:54,2026-08-30 17:18:23,2026-08-30 17:27:12,30,Completed,
REQ00001,PT4257,Emergency Medicine,Pre-op transfer to OT,2026-08-24 14:02:01,Ward B1 (Orthopedics),Ward D2 (Oncology),Urgent,Radiology Tech,P07,2026-08-24 14:11:29,2026-08-24 14:23:42,2026-08-24 14:14:44,30,Completed,
REQ00531,PT1526,General Surgery,Ward-to-ward transfer,2026-08-26 12:41:44,Ward A1 (General Surgery),Emergency Department,Emergency,Radiology Tech,P03,2026-08-26 12:48:50,2026-08-26 12:52:02,2026-08-26 13:02:20,10,Delayed,Ward could not release patient on time
REQ00291,PT3686,Cardiology,Ward-to-ward transfer,2026-08-27 14:45:57,Ward D1 (Oncology),OT Complex - Theatre 2,Emergency,Staff Nurse,P02,2026-08-27 14:58:53,2026-08-27 15:03:39,2026-08-27 15:13:14,10,Delayed,Multiple concurrent emergencies diverted porter
REQ00442,PT5909,Emergency Medicine,Diagnostic imaging,2026-08-29 12:44:29,Discharge Lounge,emergency department,Routine,Duty Doctor,P06,2026-08-29 12:47:36,2026-08-29 12:51:16,2026-08-29 13:02:38,90,Completed,
REQ00101,PT9721,Nephrology,Dialysis session,2026-08-27 22:47:53,NICU,Discharge Lounge,Urgent,Duty Doctor,,,,,30,Missed,No porter reached / call not picked up
REQ00084,PT7338,Oncology,Pre-op transfer to OT,2026-08-28 13:50:32,Recovery / PACU,Ward A1 (General Surgery),Urgent,OT Coordinator,,,,,30,Missed,No porter reached / call not picked up
REQ00644,PT7821,Radiology,ICU transfer,2026-08-29 08:37:46,Radiology - CT,Recovery / PACU,Emergency,Staff Nurse,P02,2026-08-29 08:57:19,2026-08-29 09:00:00,2026-08-29 09:11:11,10,Delayed,Ward could not release patient on time
REQ00322,PT5183,Nephrology,Pre-op transfer to OT,2026-08-27 14:41:54,ICU,Radiology - CT,Urgent,Radiology Tech,P07,2026-08-27 14:41:54,2026-08-27 14:42:56,2026-08-27 14:49:12,30,Completed,
REQ00014,PT1651,Emergency Medicine,Post-op transfer to Recovery/Ward,2026-08-28 06:55:15,Radiology - MRI,Ward B2 (Orthopedics),Routine,Radiology Tech,,,,,90,Missed,No porter reached / call not picked up
REQ00424,PT1381,General Surgery,ICU transfer,2026-08-30 19:28:05,unknown / see nursing station,Emergency Department,Urgent,OT Coordinator,P07,2026-08-30 19:37:06,2026-08-30 19:40:23,2026-08-30 19:49:41,30,Completed,
REQ00487,PT4450,Cardiology,Post-op transfer to Recovery/Ward,2026-08-30 09:18:45,Radiology - MRI,Ward A2 (General Surgery),,Ward Sister,P01,2026-08-30 09:35:56,2026-08-30 09:39:30,2026-08-30 09:50:50,90,Completed,
REQ00069,PT2965,Cardiology,Diagnostic imaging,2026-08-28 05:13:19,Ward D1 (Oncology),Ward C1 (Cardiology),Routine,Staff Nurse,,,,,90,Missed,No porter reached / call not picked up
REQ00492,PT8105,Radiology,Ward-to-ward transfer,2026-08-26 15:06:50,Dialysis Unit,Ward C2 (Cardiology),,OT Coordinator,P03,2026-08-26 15:18:17,2026-08-26 15:19:43,2026-08-26 15:26:17,30,Completed,
REQ00212,PT7347,Orthopedics,Pre-op transfer to OT,2026-08-28 17:58:11,Dialysis Unit,Ward C2 (Cardiology),Routine,Radiology Tech,P06,2026-08-28 18:11:27,2026-08-28 18:12:15,2026-08-28 18:17:24,90,Completed,
REQ00616,PT5576,Orthopedics,Dialysis session,2026-08-24 14:23:43,OT Complex - Theatre 1,Radiology - MRI,Urgent,Staff Nurse,P04,2026-08-24 14:23:43,2026-08-24 14:25:42,2026-08-24 14:34:25,30,Completed,
REQ00262,PT9899,Oncology,Pre-op transfer to OT,2026-08-24 10:53:48,Ward C1 (Cardiology),Ward A2 (General Surgery),Urgent,Duty Doctor,P03,2026-08-24 11:07:55,2026-08-24 11:10:40,2026-08-24 11:22:23,30,Completed,
REQ00388,PT4121,Radiology,Post-op transfer to Recovery/Ward,2026-08-24 01:33:27,OT Complex - Theatre 1,OT Complex - Theatre 3,Emergency,OT Coordinator,,,,,10,Missed,No porter reached / call not picked up
REQ00532,PT1917,Oncology,Dialysis session,2026-08-25 09:05:33,Radiology - MRI,Ward C1 (Cardiology),Routine,Ward Sister,P07,2026-08-25 09:05:41,2026-08-25 09:09:25,2026-08-25 09:22:03,90,Completed,
REQ00157,PT2369,Orthopedics,Diagnostic imaging,2026-08-30 11:44:25,Ward B1 (Orthopedics),Dialysis Unit,Routine,OT Coordinator,P02,2026-08-30 11:48:22,2026-08-30 11:50:32,2026-08-30 11:58:40,90,Completed,
REQ00451,PT1194,Nephrology,Dialysis session,2026-08-26 01:19:18,Radiology - CT,Radiology - X-Ray,Routine,Duty Doctor,,,,,90,Missed,No porter reached / call not picked up
REQ00490,PT1859,Oncology,Post-op transfer to Recovery/Ward,2026-08-27 15:10:59,ward a2 (general surgery),Ward C1 (Cardiology),Urgent,Staff Nurse,P06,2026-08-27 15:14:21,2026-08-27 15:15:09,2026-08-27 15:17:25,30,Completed,
REQ00120,PT5177,Oncology,Post-op transfer to Recovery/Ward,2026-08-27 19:35:26,Radiology - X-Ray,Dialysis Unit,Routine,Ward Sister,P06,2026-08-27 19:47:04,2026-08-27 19:49:10,2026-08-27 19:53:20,90,Completed,
REQ00135,PT5592,Cardiology,ICU transfer,2026-08-25 21:20:18,OT Complex - Theatre 2,discharge lounge,Routine,Duty Doctor,,,,,90,Missed,No porter reached / call not picked up
REQ00245,PT8923,Oncology,Dialysis session,2026-08-28 21:56:34,dialysis unit,ICU,Routine,Ward Sister,,,,,90,Missed,No porter reached / call not picked up
REQ00144,PT8272,Oncology,Ward-to-ward transfer,2026-08-30 11:35:32,OT Complex - Theatre 2,Radiology - X-Ray,Routine,Duty Doctor,P03,2026-08-30 11:49:34,2026-08-30 11:51:56,2026-08-30 11:59:45,90,Completed,
REQ00072,PT3504,Orthopedics,Dialysis session,2026-08-30 15:09:15,Ward B2 (Orthopedics),Ward C2 (Cardiology),Urgent,Staff Nurse,P03,2026-08-30 15:14:53,2026-08-30 15:18:10,2026-08-30 15:26:13,30,Completed,
REQ00239,PT4365,General Surgery,ICU transfer,2026-08-24 16:50:00,Dialysis Unit,OT Complex - Theatre 3,Emergency,OT Coordinator,P07,2026-08-24 16:55:44,2026-08-24 17:00:17,2026-08-24 17:10:14,10,Delayed,Handover receiving unit unavailable
REQ00347,PT3163,Radiology,Dialysis session,2026-08-25 13:55:13,OT Complex - Theatre 3,Ward A1 (General Surgery),Urgent,Duty Doctor,,,,,30,Missed,No porter reached / call not picked up
REQ00170,PT7868,Oncology,Post-op transfer to Recovery/Ward,2026-08-26 13:56:35,OT Complex - Theatre 2,Ward A2 (General Surgery),Emergency,Ward Sister,P04,2026-08-26 14:15:00,2026-08-26 14:19:13,2026-08-26 14:26:54,10,Delayed,Handover receiving unit unavailable
REQ00336,PT8772,Radiology,Discharge transport,2026-08-29 15:17:03,Ward D1 (Oncology),Ward B2 (Orthopedics),Routine,Duty Doctor,,,,,90,Missed,No porter reached / call not picked up
REQ00480,PT6278,General Surgery,Ward-to-ward transfer,2026-08-28 15:55:30,OT Complex - Theatre 3,Radiology - X-Ray,Routine,Staff Nurse,P06,2026-08-28 16:09:44,2026-08-28 16:13:25,2026-08-28 16:19:56,90,Completed,
REQ00058,PT9850,Cardiology,Ward-to-ward transfer,2026-08-27 07:15:56,Recovery / PACU,Ward C1 (Cardiology),Urgent,Duty Doctor,P03,2026-08-27 07:28:15,2026-08-27 07:33:20,2026-08-27 07:43:01,30,Completed,
REQ00456,PT8081,Orthopedics,Diagnostic imaging,2026-08-28 11:47:04,Radiology - MRI,Ward D1 (Oncology),,Duty Doctor,P03,2026-08-28 11:57:37,2026-08-28 11:59:19,2026-08-28 12:02:59,30,Completed,
REQ00450,PT5959,Cardiology,Diagnostic imaging,2026-08-24 06:02:34,Ward D1 (Oncology),Radiology - CT,Urgent,OT Coordinator,,,,,30,Missed,No porter reached / call not picked up
REQ00061,PT4898,Nephrology,Discharge transport,2026-08-30 08:42:55,Ward A1 (General Surgery),Ward C2 (Cardiology),Emergency,Radiology Tech,P06,2026-08-30 08:55:36,2026-08-30 08:57:52,2026-08-30 09:06:43,10,Delayed,Porter shift change during transfer
REQ00414,PT8244,Emergency Medicine,Dialysis session,2026-08-28 14:09:44,Radiology - MRI,OT Complex - Theatre 2,Routine,OT Coordinator,,,,,90,Missed,No porter reached / call not picked up
REQ00187,PT8937,Nephrology,ICU transfer,2026-08-26 16:38:41,Ward B1 (Orthopedics),Ward D2 (Oncology),,Radiology Tech,P06,2026-08-26 16:49:47,2026-08-26 16:51:07,2026-08-26 16:58:03,30,Completed,
REQ00070,PT8033,Nephrology,Diagnostic imaging,2026-08-27 18:02:27,Ward A1 (General Surgery),OT Complex - Theatre 2,Routine,Radiology Tech,P07,2026-08-27 18:15:49,2026-08-27 18:20:48,,90,Cancelled,Patient condition changed
REQ00543,PT4015,Radiology,Diagnostic imaging,2026-08-27 06:55:45,OT Complex - Theatre 1,Radiology - X-Ray,Routine,Staff Nurse,,,,,90,Missed,No porter reached / call not picked up
REQ00306,PT8304,Radiology,Ward-to-ward transfer,2026-08-27 05:27:25,Ward C2 (Cardiology),Discharge Lounge,Routine,Radiology Tech,,,,,90,Missed,No porter reached / call not picked up
REQ00350,PT8347,Orthopedics,Diagnostic imaging,2026-08-26 11:13:35,Ward A2 (General Surgery),Radiology - CT,Routine,Radiology Tech,,,,,90,Missed,No porter reached / call not picked up
REQ00331,PT4976,Emergency Medicine,Pre-op transfer to OT,2026-08-24 04:09:31,Ward A1 (General Surgery),OT Complex - Theatre 3,Routine,Ward Sister,,,,,90,Missed,No porter reached / call not picked up
REQ00470,PT8231,Orthopedics,ICU transfer,2026-08-25 09:50:30,Ward B1 (Orthopedics),unknown / see nursing station,Urgent,Duty Doctor,P07,2026-08-25 10:01:54,2026-08-25 10:06:12,,30,Cancelled,Patient condition changed
REQ00247,PT4965,Orthopedics,Post-op transfer to Recovery/Ward,2026-08-26 09:36:17,,Ward D2 (Oncology),Routine,OT Coordinator,P04,2026-08-26 09:45:46,2026-08-26 09:48:28,2026-08-26 09:57:29,90,Completed,
REQ00369,PT2253,General Surgery,Discharge transport,2026-08-25 11:43:20,Ward C1 (Cardiology),Emergency Department,Routine,Radiology Tech,P08,2026-08-25 11:52:24,2026-08-25 11:54:05,2026-08-25 11:59:23,90,Completed,
REQ00202,PT9095,General Surgery,Pre-op transfer to OT,2026-08-25 15:30:21,Ward D2 (Oncology),Ward A1 (General Surgery),Emergency,Ward Sister,P02,2026-08-25 15:45:37,2026-08-25 15:47:53,2026-08-25 15:54:29,10,Delayed,Ward could not release patient on time
REQ00117,PT1256,Oncology,Dialysis session,2026-08-25 20:46:48,ward b2 (orthopedics),Ward A2 (General Surgery),Routine,Ward Sister,P04,2026-08-25 21:02:08,2026-08-25 21:03:47,2026-08-25 21:07:25,90,Completed,
REQ00171,PT5602,Orthopedics,Pre-op transfer to OT,2026-08-28 13:24:17,Ward C2 (Cardiology),Ward A1 (General Surgery),Urgent,Staff Nurse,P08,2026-08-28 13:24:17,2026-08-28 13:26:13,2026-08-28 13:38:33,30,Completed,
REQ00127,PT7502,Cardiology,Diagnostic imaging,2026-08-24 13:15:12,Discharge Lounge,OT Complex - Theatre 3,Urgent,Staff Nurse,P06,2026-08-24 13:29:38,2026-08-24 13:34:36,2026-08-24 13:46:12,30,Delayed,Porter occupied with another transfer
REQ00439,PT2659,Oncology,Dialysis session,2026-08-28 17:39:00,OT Complex - Theatre 1,Radiology - MRI,Routine,OT Coordinator,P01,2026-08-28 17:41:52,2026-08-28 17:44:16,2026-08-28 17:52:12,90,Completed,
REQ00469,PT4871,Nephrology,Post-op transfer to Recovery/Ward,2026-08-25 20:08:05,Ward C2 (Cardiology),Discharge Lounge,Routine,Radiology Tech,P02,2026-08-25 20:10:03,2026-08-25 20:12:39,2026-08-25 20:21:14,90,Completed,
REQ00649,PT2713,General Surgery,Diagnostic imaging,2026-08-25 12:20:23,Dialysis Unit,Radiology - MRI,Routine,OT Coordinator,P01,2026-08-25 12:32:04,2026-08-25 12:36:02,2026-08-25 12:43:45,90,Completed,
REQ00145,PT5389,Emergency Medicine,Pre-op transfer to OT,2026-08-27 14:49:49,OT Complex - Theatre 2,Dialysis Unit,Routine,Radiology Tech,P06,2026-08-27 14:49:49,2026-08-27 14:53:39,2026-08-27 15:03:34,90,Completed,
REQ00396,PT8423,General Surgery,Ward-to-ward transfer,2026-08-29 12:40:17,,,Urgent,OT Coordinator,P03,2026-08-29 12:53:13,2026-08-29 12:54:29,2026-08-29 13:00:59,30,Completed,
REQ00303,PT2897,Nephrology,Dialysis session,2026-08-29 23:13:46,Ward A2 (General Surgery),OT Complex - Theatre 2,Urgent,Staff Nurse,,,,,30,Missed,No porter reached / call not picked up
REQ00035,PT5581,Cardiology,Diagnostic imaging,2026-08-24 13:20:11,OT Complex - Theatre 2,Ward D1 (Oncology),Urgent,Radiology Tech,P05,2026-08-24 13:21:23,2026-08-24 13:25:15,2026-08-24 13:35:35,30,Completed,
REQ00368,PT9147,Cardiology,ICU transfer,2026-08-27 22:32:17,,,Emergency,Ward Sister,,,,,10,Missed,No porter reached / call not picked up
REQ00220,PT7248,Radiology,Diagnostic imaging,2026-08-25 19:39:58,Discharge Lounge,Ward D2 (Oncology),Routine,Staff Nurse,,,,,90,Missed,No porter reached / call not picked up
REQ00100,PT1637,General Surgery,Pre-op transfer to OT,2026-08-28 20:48:09,Ward D1 (Oncology),Recovery / PACU,Urgent,Ward Sister,P06,2026-08-28 20:51:18,2026-08-28 20:55:49,2026-08-28 21:04:19,30,Completed,
REQ00622,PT4416,Oncology,Dialysis session,2026-08-25 15:05:33,Ward D1 (Oncology),Ward A1 (General Surgery),Urgent,Ward Sister,P01,2026-08-25 15:10:24,2026-08-25 15:12:04,2026-08-25 15:19:19,30,Completed,
REQ00352,PT4197,General Surgery,Dialysis session,2026-08-24 11:53:14,OT Complex - Theatre 1,Radiology - CT,Emergency,Radiology Tech,P04,2026-08-24 11:58:40,2026-08-24 12:01:08,2026-08-24 12:05:50,10,Delayed,Porter occupied with another transfer
REQ00578,PT3540,Emergency Medicine,Ward-to-ward transfer,2026-08-30 00:16:08,Radiology - CT,NICU,Routine,Staff Nurse,,,,,90,Missed,No porter reached / call not picked up
REQ00420,PT7910,Orthopedics,Discharge transport,2026-08-26 22:19:18,OT Complex - Theatre 2,Ward A1 (General Surgery),,Staff Nurse,,,,,90,Missed,No porter reached / call not picked up
REQ00005,PT9830,Orthopedics,Ward-to-ward transfer,2026-08-26 09:31:25,ot complex - theatre 1,Ward C1 (Cardiology),Urgent,OT Coordinator,P07,2026-08-26 09:44:16,2026-08-26 09:47:59,2026-08-26 09:58:53,30,Completed,
REQ00153,PT2120,Radiology,Post-op transfer to Recovery/Ward,2026-08-26 11:19:08,Radiology - MRI,Ward C1 (Cardiology),Routine,Radiology Tech,P01,2026-08-26 11:24:22,2026-08-26 11:27:15,2026-08-26 11:34:46,90,Completed,
REQ00077,PT6928,Oncology,Dialysis session,2026-08-30 10:08:42,OT Complex - Theatre 3,Ward B1 (Orthopedics),Routine,Staff Nurse,P06,2026-08-30 10:11:22,2026-08-30 10:18:24,2026-08-30 10:31:05,90,Completed,
REQ00160,PT2889,Radiology,Ward-to-ward transfer,2026-08-30 14:23:10,ICU,Ward B2 (Orthopedics),Routine,Ward Sister,P01,2026-08-30 14:30:28,2026-08-30 14:35:12,2026-08-30 14:47:23,90,Completed,
REQ00467,PT5556,Cardiology,Post-op transfer to Recovery/Ward,2026-08-25 11:41:02,Ward D2 (Oncology),OT Complex - Theatre 2,Routine,OT Coordinator,,,,,90,Missed,No porter reached / call not picked up
REQ00283,PT6765,General Surgery,Diagnostic imaging,2026-08-25 20:19:21,OT Complex - Theatre 2,Radiology - MRI,,OT Coordinator,P05,2026-08-25 20:28:47,2026-08-25 20:33:11,2026-08-25 20:40:48,90,Completed,
REQ00073,PT5961,Oncology,ICU transfer,2026-08-29 15:39:20,Emergency Department,Ward C1 (Cardiology),Urgent,OT Coordinator,P01,2026-08-29 15:45:55,2026-08-29 15:48:22,2026-08-29 15:55:31,30,Completed,
REQ00059,PT6876,Cardiology,Dialysis session,2026-08-25 12:15:54,Radiology - CT,Ward B2 (Orthopedics),Routine,Staff Nurse,P07,2026-08-25 12:21:20,2026-08-25 12:27:37,2026-08-25 12:44:34,90,Completed,
REQ00323,PT2702,General Surgery,Dialysis session,2026-08-25 10:00:43,Ward A1 (General Surgery),Ward B2 (Orthopedics),Emergency,Duty Doctor,P06,2026-08-25 10:09:39,2026-08-25 10:11:29,2026-08-25 10:18:24,10,Delayed,Lift / corridor congestion
REQ00234,PT3207,Emergency Medicine,Post-op transfer to Recovery/Ward,2026-08-25 15:26:01,Ward D2 (Oncology),Ward A2 (General Surgery),Urgent,Radiology Tech,P01,2026-08-25 15:26:01,2026-08-25 15:28:33,2026-08-25 15:35:40,30,Completed,
REQ00585,PT9956,Radiology,Ward-to-ward transfer,2026-08-27 08:01:11,Ward C1 (Cardiology),ICU,Urgent,Ward Sister,P08,2026-08-27 08:04:15,2026-08-27 08:06:32,2026-08-27 08:16:07,30,Completed,
REQ00328,PT6985,Radiology,Pre-op transfer to OT,2026-08-28 13:22:21,nicu,Radiology - X-Ray,Emergency,Radiology Tech,P06,2026-08-28 13:23:03,2026-08-28 13:26:01,2026-08-28 13:35:34,10,Delayed,Lift / corridor congestion
REQ00540,PT7157,General Surgery,Diagnostic imaging,2026-08-29 05:50:15,Recovery / PACU,Ward A1 (General Surgery),Urgent,Ward Sister,,,,,30,Missed,No porter reached / call not picked up
REQ00568,PT6032,Oncology,Post-op transfer to Recovery/Ward,2026-08-30 14:12:49,Radiology - MRI,ward d1 (oncology),Emergency,Radiology Tech,P02,2026-08-30 14:21:48,2026-08-30 14:25:59,,10,Cancelled,Patient condition changed
REQ00580,PT8158,Nephrology,Discharge transport,2026-08-26 06:36:59,OT Complex - Theatre 1,Dialysis Unit,Urgent,Staff Nurse,,,,,30,Missed,No porter reached / call not picked up
REQ00549,PT7484,Radiology,Ward-to-ward transfer,2026-08-30 12:07:22,OT Complex - Theatre 1,Radiology - X-Ray,,Staff Nurse,P06,2026-08-30 12:16:48,2026-08-30 12:18:04,2026-08-30 12:23:38,90,Completed,
REQ00179,PT3703,Oncology,Ward-to-ward transfer,2026-08-28 20:05:21,Discharge Lounge,OT Complex - Theatre 2,Routine,Radiology Tech,P07,2026-08-28 20:14:52,2026-08-28 20:20:23,2026-08-28 20:33:00,90,Completed,
REQ00133,PT7237,Orthopedics,Ward-to-ward transfer,2026-08-27 11:05:46,Recovery / PACU,Ward D2 (Oncology),Routine,Ward Sister,P03,2026-08-27 11:13:12,2026-08-27 11:18:01,2026-08-27 11:30:00,90,Completed,
REQ00385,PT9973,Oncology,Dialysis session,2026-08-30 07:10:44,ICU,Recovery / PACU,Emergency,OT Coordinator,P08,2026-08-30 07:15:18,2026-08-30 07:17:13,,10,Cancelled,Duplicate request
REQ00227,PT3496,Cardiology,Ward-to-ward transfer,2026-08-24 19:20:31,OT Complex - Theatre 1,Emergency Department,Routine,Radiology Tech,P06,2026-08-24 19:33:53,2026-08-24 19:35:11,2026-08-24 19:42:00,90,Completed,
REQ00491,PT7260,Nephrology,Discharge transport,2026-08-29 14:11:41,radiology - mri,Ward B1 (Orthopedics),Routine,OT Coordinator,P08,2026-08-29 14:17:38,2026-08-29 14:22:08,2026-08-29 14:34:54,90,Completed,
REQ00267,PT5314,Cardiology,Discharge transport,2026-08-28 19:35:10,Ward B1 (Orthopedics),Recovery / PACU,Urgent,Radiology Tech,P06,2026-08-28 19:35:10,2026-08-28 19:40:45,2026-08-28 19:50:09,30,Completed,
REQ00161,PT6241,Oncology,Ward-to-ward transfer,2026-08-30 04:51:58,Radiology - X-Ray,Ward D2 (Oncology),Urgent,OT Coordinator,,,,,30,Missed,No porter reached / call not picked up
REQ00098,PT8491,Oncology,Dialysis session,2026-08-28 12:56:19,OT-2,Ward A1 (General Surgery),Emergency,Ward Sister,P04,2026-08-28 13:01:18,2026-08-28 13:06:17,2026-08-28 13:17:26,10,Delayed,Handover receiving unit unavailable
REQ00340,PT8757,Orthopedics,Dialysis session,2026-08-28 18:05:26,OT Complex - Theatre 3,OT Complex - Theatre 2,Routine,Duty Doctor,P05,2026-08-28 18:18:16,2026-08-28 18:20:19,2026-08-28 18:27:34,90,Completed,
REQ00023,PT9977,Cardiology,ICU transfer,2026-08-28 07:26:42,Radiology - MRI,Ward C2 (Cardiology),Routine,Staff Nurse,P05,2026-08-28 07:33:14,2026-08-28 07:37:15,2026-08-28 07:44:44,90,Completed,
REQ00198,PT9524,Oncology,Ward-to-ward transfer,2026-08-28 10:04:52,Ward A2 (General Surgery),Emergency Department,Routine,Radiology Tech,P06,2026-08-28 10:12:55,2026-08-28 10:15:00,2026-08-28 10:23:22,90,Completed,
REQ00559,PT6771,Radiology,Dialysis session,2026-08-24 21:16:37,,NICU,Routine,Duty Doctor,,,,,90,Missed,No porter reached / call not picked up
REQ00208,PT2944,Oncology,Diagnostic imaging,2026-08-24 12:51:36,OT Complex - Theatre 1,Ward B1 (Orthopedics),Routine,Duty Doctor,P01,2026-08-24 13:03:49,2026-08-24 13:09:41,,90,Cancelled,Duplicate request
REQ00214,PT7839,Emergency Medicine,Ward-to-ward transfer,2026-08-29 15:45:07,Radiology - CT,Dialysis Unit,Routine,Radiology Tech,,,,,90,Missed,No porter reached / call not picked up
REQ00159,PT5403,Radiology,Discharge transport,2026-08-28 13:52:46,ICU,Ward C2 (Cardiology),Urgent,Staff Nurse,P01,2026-08-28 13:57:31,2026-08-28 14:00:27,2026-08-28 14:07:18,30,Completed,
REQ00508,PT6638,Orthopedics,Post-op transfer to Recovery/Ward,2026-08-29 18:24:08,Ward B2 (Orthopedics),Ward C1 (Cardiology),Routine,Radiology Tech,P01,2026-08-29 18:24:08,2026-08-29 18:26:23,2026-08-29 18:32:19,90,Completed,
REQ00048,PT7274,Orthopedics,Dialysis session,2026-08-28 16:24:29,Emergency Department,Ward D1 (Oncology),Routine,Ward Sister,P07,2026-08-28 16:40:05,2026-08-28 16:43:33,2026-08-28 16:53:40,90,Completed,
REQ00589,PT3607,Nephrology,Ward-to-ward transfer,2026-08-28 10:39:53,Radiology - MRI,Ward B1 (Orthopedics),Emergency,Ward Sister,P02,2026-08-28 10:44:18,2026-08-28 10:47:41,2026-08-28 10:56:00,10,Delayed,Lift / corridor congestion
REQ00539,PT3113,Emergency Medicine,Ward-to-ward transfer,2026-08-28 13:23:54,NICU,Radiology - X-Ray,Urgent,Duty Doctor,P06,2026-08-28 13:23:54,2026-08-28 13:26:00,2026-08-28 13:32:51,30,Completed,
REQ00507,PT5354,Orthopedics,ICU transfer,2026-08-26 04:25:26,Emergency Department,Ward A2 (General Surgery),Urgent,Staff Nurse,,,,,30,Missed,No porter reached / call not picked up
REQ00151,PT6905,Cardiology,Pre-op transfer to OT,2026-08-27 08:44:58,Ward C1 (Cardiology),Emergency Department,Urgent,OT Coordinator,P02,2026-08-27 08:44:58,2026-08-27 08:48:24,2026-08-27 08:58:36,30,Completed,
REQ00479,PT1050,Nephrology,Pre-op transfer to OT,2026-08-26 15:24:39,Ward A2 (General Surgery),Radiology - MRI,Routine,Duty Doctor,P07,2026-08-26 15:30:42,2026-08-26 15:33:14,2026-08-26 15:42:48,90,Completed,
REQ00581,PT2448,Nephrology,ICU transfer,2026-08-27 12:26:29,Ward A1 (General Surgery),Dialysis Unit,Emergency,Ward Sister,P05,2026-08-27 12:36:17,2026-08-27 12:37:27,2026-08-27 12:41:16,10,Delayed,Patient not ready (prep incomplete)
REQ00045,PT4335,Nephrology,Pre-op transfer to OT,2026-08-27 11:12:33,Radiology - CT,OT Complex - Theatre 3,Routine,OT Coordinator,P03,2026-08-27 11:26:20,2026-08-27 11:28:09,2026-08-27 11:34:34,90,Completed,
REQ00022,PT6409,General Surgery,Ward-to-ward transfer,2026-08-24 16:00:33,Recovery / PACU,Ward D1 (Oncology),Urgent,Radiology Tech,P06,2026-08-24 16:17:14,2026-08-24 16:21:13,2026-08-24 16:30:19,30,Completed,
REQ00342,PT8524,Cardiology,Post-op transfer to Recovery/Ward,2026-08-25 07:18:15,Ward B1 (Orthopedics),Ward A1 (General Surgery),Routine,Radiology Tech,P01,2026-08-25 07:18:15,2026-08-25 07:20:20,2026-08-25 07:27:07,90,Completed,
REQ00330,PT7643,Radiology,Pre-op transfer to OT,2026-08-30 17:01:02,Emergency Department,Ward A2 (General Surgery),Urgent,Staff Nurse,P04,2026-08-30 17:05:11,2026-08-30 17:08:48,2026-08-30 17:15:27,30,Completed,
REQ00432-DUP,PT5967,Emergency Medicine,Ward-to-ward transfer,2026-08-29 02:19:43,Radiology - CT,Ward D1 (Oncology),Emergency,Ward Sister,,,,,10,Missed,No porter reached / call not picked up
REQ00152,PT1132,Oncology,Pre-op transfer to OT,2026-08-24 09:04:08,Dialysis Unit,Ward D2 (Oncology),Routine,OT Coordinator,P02,2026-08-24 09:17:19,2026-08-24 09:19:22,2026-08-24 09:26:15,90,Completed,
REQ00525-DUP,PT7967,Emergency Medicine,Post-op transfer to Recovery/Ward,2026-08-24 19:42:09,Ward C2 (Cardiology),OT Complex - Theatre 1,Routine,Ward Sister,P05,2026-08-24 19:42:39,2026-08-24 19:46:23,2026-08-24 19:57:07,90,Completed,
REQ00425,PT3772,Oncology,Ward-to-ward transfer,2026-08-26 08:16:49,Ward B1 (Orthopedics),Ward C2 (Cardiology),Urgent,Staff Nurse,P06,2026-08-26 08:28:46,2026-08-26 08:32:07,2026-08-26 08:40:52,30,Completed,
REQ00590,PT8234,Radiology,Pre-op transfer to OT,2026-08-27 20:03:39,ICU,Ward B2 (Orthopedics),Emergency,OT Coordinator,P01,2026-08-27 20:06:51,2026-08-27 20:10:40,2026-08-27 20:19:36,10,Delayed,Equipment (wheelchair/trolley) unavailable
REQ00513,PT7292,Cardiology,Post-op transfer to Recovery/Ward,2026-08-30 11:49:37,OT Complex - Theatre 3,Radiology - CT,Urgent,Staff Nurse,P02,2026-08-30 12:04:21,2026-08-30 12:07:31,2026-08-30 12:18:12,30,Completed,
REQ00546,PT5947,Cardiology,Pre-op transfer to OT,2026-08-25 10:12:43,Dialysis Unit,Ward A1 (General Surgery),Urgent,OT Coordinator,P02,2026-08-25 10:22:58,2026-08-25 10:24:48,2026-08-25 10:28:49,30,Completed,
REQ00637,PT7982,Nephrology,Discharge transport,2026-08-28 19:22:40,Ward A1 (General Surgery),Ward D2 (Oncology),Urgent,Radiology Tech,P05,2026-08-28 19:23:47,2026-08-28 19:26:59,2026-08-28 19:38:09,30,Completed,
REQ00219,PT6437,Orthopedics,Ward-to-ward transfer,2026-08-25 11:34:25,Ward B1 (Orthopedics),Radiology - MRI,Urgent,OT Coordinator,P06,2026-08-25 11:38:26,2026-08-25 11:44:31,2026-08-25 11:55:59,30,Completed,
REQ00136,PT5961,Orthopedics,Ward-to-ward transfer,2026-08-29 09:51:18,Ward B1 (Orthopedics),OT Complex - Theatre 1,Routine,Ward Sister,P05,2026-08-29 10:18:53,2026-08-29 10:23:24,2026-08-29 10:31:30,90,Completed,
REQ00443,PT7558,Oncology,Post-op transfer to Recovery/Ward,2026-08-25 12:13:15,OT Complex - Theatre 2,Emergency Department,Routine,Ward Sister,P01,2026-08-25 12:19:43,2026-08-25 12:33:17,2026-08-25 12:23:09,90,Completed,
REQ00039,PT2940,General Surgery,Post-op transfer to Recovery/Ward,2026-08-28 15:03:09,Ward C1 (Cardiology),Discharge Lounge,Routine,Radiology Tech,P07,2026-08-28 15:03:09,2026-08-28 15:04:28,2026-08-28 15:10:49,90,Completed,
REQ00130,PT6580,Nephrology,Pre-op transfer to OT,2026-08-29 06:47:22,Ward A2 (General Surgery),ward c1 (cardiology),Urgent,Radiology Tech,,,,,30,Missed,No porter reached / call not picked up
REQ00620,PT9307,Cardiology,Post-op transfer to Recovery/Ward,2026-08-29 07:22:51,Ward B1 (Orthopedics),ICU,,OT Coordinator,P05,2026-08-29 07:29:22,2026-08-29 07:31:19,2026-08-29 07:39:11,90,Completed,
REQ00594,PT9944,Emergency Medicine,Pre-op transfer to OT,2026-08-26 06:36:15,OT Complex - Theatre 3,recovery,Urgent,Staff Nurse,,,,,30,Missed,No porter reached / call not picked up
REQ00004,PT4598,Radiology,Ward-to-ward transfer,2026-08-29 08:46:15,Ward C2 (Cardiology),OT Complex - Theatre 2,Urgent,OT Coordinator,P01,2026-08-29 08:59:02,2026-08-29 09:03:16,2026-08-29 09:14:07,30,Completed,
REQ00030,PT5262,Orthopedics,Pre-op transfer to OT,2026-08-28 15:05:41,Radiology - X-Ray,Ward C1 (Cardiology),Routine,Duty Doctor,P06,2026-08-28 15:15:43,2026-08-28 15:19:05,2026-08-28 15:29:52,90,Completed,
REQ00392,PT5321,Cardiology,Diagnostic imaging,2026-08-24 22:31:55,ICU,Radiology - MRI,Routine,Radiology Tech,,,,,90,Missed,No porter reached / call not picked up
REQ00066,PT1430,Oncology,Discharge transport,2026-08-30 14:07:48,ICU,Discharge Lounge,Urgent,Radiology Tech,P05,2026-08-30 14:22:07,2026-08-30 14:25:57,2026-08-30 14:35:59,30,Completed,
REQ00455,PT4373,Oncology,Diagnostic imaging,2026-08-29 14:01:11,Ward D1 (Oncology),Ward B1 (Orthopedics),Routine,Ward Sister,P05,2026-08-29 14:07:57,2026-08-29 14:09:53,2026-08-29 14:19:04,90,Completed,
REQ00579,PT5948,General Surgery,Diagnostic imaging,2026-08-24 12:22:15,Radiology - MRI,OT Complex - Theatre 1,Urgent,Radiology Tech,P05,2026-08-24 12:33:13,2026-08-24 12:36:11,2026-08-24 12:47:11,30,Completed,
REQ00495,PT6769,Cardiology,Dialysis session,2026-08-30 10:34:28,Ward C1 (Cardiology),Discharge Lounge,Routine,Radiology Tech,P04,2026-08-30 10:39:06,2026-08-30 10:40:12,2026-08-30 10:46:24,90,Completed,
REQ00551,PT3846,Oncology,Ward-to-ward transfer,2026-08-30 05:59:36,Radiology - X-Ray,Ward C1 (Cardiology),Routine,Duty Doctor,,,,,90,Missed,No porter reached / call not picked up
REQ00482,PT4987,Emergency Medicine,Post-op transfer to Recovery/Ward,2026-08-28 22:29:10,OT Complex - Theatre 1,Ward B2 (Orthopedics),,Ward Sister,,,,,90,Missed,No porter reached / call not picked up
REQ00413,PT9516,Radiology,Ward-to-ward transfer,2026-08-27 06:48:02,Ward C1 (Cardiology),Discharge Lounge,Emergency,OT Coordinator,,,,,10,Missed,No porter reached / call not picked up
REQ00182,PT4727,Nephrology,Dialysis session,2026-08-30 15:06:05,Radiology - CT,Dialysis Unit,Urgent,Radiology Tech,P01,2026-08-30 15:18:51,2026-08-30 15:22:51,2026-08-30 15:29:50,30,Completed,
REQ00122,PT7236,Nephrology,Diagnostic imaging,2026-08-25 15:45:13,Radiology - MRI,Ward D2 (Oncology),Routine,Duty Doctor,P06,2026-08-25 15:52:56,2026-08-25 15:55:51,2026-08-25 16:06:01,90,Completed,
REQ00139,PT9537,Nephrology,Post-op transfer to Recovery/Ward,2026-08-24 07:46:09,Radiology - CT,NICU,Urgent,Duty Doctor,P06,2026-08-24 07:47:46,2026-08-24 07:50:06,2026-08-24 07:57:01,30,Completed,
REQ00225,PT6633,Cardiology,Post-op transfer to Recovery/Ward,2026-08-24 00:38:25,Recovery / PACU,Dialysis Unit,Routine,Ward Sister,,,,,90,Missed,No porter reached / call not picked up
REQ00079,PT4833,Nephrology,ICU transfer,2026-08-26 15:15:28,Discharge Lounge,NICU,Routine,Radiology Tech,P04,2026-08-26 15:19:29,2026-08-26 15:24:02,2026-08-26 15:31:52,90,Completed,
REQ00641,PT4208,Radiology,Pre-op transfer to OT,2026-08-27 09:35:56,Ward D1 (Oncology),Radiology - X-Ray,,Duty Doctor,P06,2026-08-27 09:43:18,2026-08-27 09:46:29,2026-08-27 09:54:56,30,Completed,
REQ00418,PT9502,Emergency Medicine,ICU transfer,2026-08-27 19:30:13,OT Complex - Theatre 1,Ward B1 (Orthopedics),Urgent,Duty Doctor,P05,2026-08-27 19:47:57,2026-08-27 19:52:10,2026-08-27 20:01:04,30,Delayed,Equipment (wheelchair/trolley) unavailable
REQ00460,PT3236,General Surgery,Ward-to-ward transfer,2026-08-26 16:54:12,Radiology - MRI,Ward A2 (General Surgery),Emergency,OT Coordinator,P08,2026-08-26 17:03:56,2026-08-26 17:07:50,2026-08-26 17:17:46,10,Delayed,Multiple concurrent emergencies diverted porter
REQ00318,PT5780,General Surgery,Ward-to-ward transfer,2026-08-30 14:03:40,OT Complex - Theatre 2,Discharge Lounge,Urgent,Radiology Tech,P01,2026-08-30 14:24:52,2026-08-30 14:30:00,2026-08-30 14:42:29,30,Delayed,Patient not ready (prep incomplete)
REQ00281,PT5185,Emergency Medicine,Pre-op transfer to OT,2026-08-25 15:42:01,Radiology - MRI,Discharge Lounge,Routine,Ward Sister,P01,2026-08-25 15:47:46,2026-08-25 15:53:21,,90,Cancelled,Patient condition changed
REQ00624,PT8925,Radiology,Post-op transfer to Recovery/Ward,2026-08-25 12:20:42,Ward B2 (Orthopedics),Radiology - MRI,Routine,Duty Doctor,P07,2026-08-25 12:25:44,2026-08-25 12:29:52,2026-08-25 12:39:36,90,Completed,
REQ00334,PT8798,Nephrology,Discharge transport,2026-08-24 00:59:05,Dialysis Unit,NICU,Urgent,Ward Sister,,,,,30,Missed,No porter reached / call not picked up
REQ00431,PT8293,Nephrology,Discharge transport,2026-08-30 11:05:50,Ward B1 (Orthopedics),Dialysis Unit,,Staff Nurse,P06,2026-08-30 11:19:34,2026-08-30 11:21:38,2026-08-30 11:27:08,10,Delayed,Porter shift change during transfer
REQ00591,PT4150,Emergency Medicine,Discharge transport,2026-08-27 12:18:14,Ward D1 (Oncology),Ward C2 (Cardiology),Urgent,Staff Nurse,P01,2026-08-27 12:20:05,2026-08-27 12:20:53,2026-08-27 12:27:08,30,Completed,
REQ00593,PT9856,Orthopedics,Pre-op transfer to OT,2026-08-28 06:50:33,NICU,Ward B2 (Orthopedics),Emergency,OT Coordinator,,,,,10,Missed,No porter reached / call not picked up
REQ00509,PT4061,Radiology,Dialysis session,2026-08-26 09:05:48,Radiology - X-Ray,Ward D2 (Oncology),Routine,Ward Sister,P05,2026-08-26 09:15:03,2026-08-26 09:16:40,2026-08-26 09:24:35,90,Completed,
REQ00332,PT6527,Orthopedics,ICU transfer,2026-08-30 07:31:38,Discharge Lounge,Ward D2 (Oncology),Emergency,Duty Doctor,P06,2026-08-30 07:33:21,2026-08-30 07:36:26,2026-08-30 07:47:09,10,Delayed,Patient not ready (prep incomplete)
REQ00111-DUP,PT2017,Radiology,Post-op transfer to Recovery/Ward,2026-08-26 10:48:36,Ward A1 (General Surgery),NICU,Routine,Staff Nurse,P08,2026-08-26 10:52:27,2026-08-26 10:56:25,2026-08-26 11:03:22,90,Completed,
REQ00297,PT9154,Radiology,Ward-to-ward transfer,2026-08-28 23:22:59,Ward C1 (Cardiology),Discharge Lounge,Routine,Duty Doctor,,,,,90,Missed,No porter reached / call not picked up
REQ00639,PT8728,Oncology,ICU transfer,2026-08-27 18:20:04,Ward A2 (General Surgery),Ward C2 (Cardiology),Routine,OT Coordinator,P05,2026-08-27 18:25:04,2026-08-27 18:27:16,2026-08-27 18:32:45,90,Completed,
REQ00457,PT8539,Emergency Medicine,ICU transfer,2026-08-25 12:52:25,Discharge Lounge,Ward D2 (Oncology),Routine,Duty Doctor,P01,2026-08-25 13:00:01,2026-08-25 13:01:33,2026-08-25 13:09:29,90,Completed,
REQ00248,PT5501,Oncology,Dialysis session,2026-08-24 16:34:02,OT Complex - Theatre 2,,Routine,Duty Doctor,P03,2026-08-24 16:37:12,2026-08-24 16:41:11,2026-08-24 16:50:42,90,Completed,
REQ00389,PT5289,General Surgery,Diagnostic imaging,2026-08-26 16:12:26,Ward C2 (Cardiology),OT Complex - Theatre 1,Routine,Ward Sister,,,,,90,Missed,No porter reached / call not picked up
REQ00296,PT9666,Radiology,Ward-to-ward transfer,2026-08-26 13:33:13,Ward D1 (Oncology),Ward A2 (General Surgery),Emergency,Staff Nurse,P08,2026-08-26 13:33:13,2026-08-26 13:35:14,2026-08-26 13:39:35,10,Completed,
REQ00481,PT4196,Cardiology,Dialysis session,2026-08-30 06:27:59,OT Complex - Theatre 2,unknown / see nursing station,Routine,Ward Sister,,,,,90,Missed,No porter reached / call not picked up
REQ00126,PT9777,Radiology,Diagnostic imaging,2026-08-27 01:34:35,Radiology - X-Ray,Ward A1 (General Surgery),Emergency,OT Coordinator,,,,,10,Missed,No porter reached / call not picked up
REQ00617,PT4451,Radiology,Ward-to-ward transfer,2026-08-26 11:48:11,Ward C1 (Cardiology),Ward A2 (General Surgery),Routine,Duty Doctor,P05,2026-08-26 11:48:47,2026-08-26 11:50:29,2026-08-26 11:58:21,90,Completed,
REQ00271,PT7802,Orthopedics,Dialysis session,2026-08-25 13:12:12,OT Complex - Theatre 3,Ward D2 (Oncology),Routine,Staff Nurse,P06,2026-08-25 13:15:55,2026-08-25 13:19:01,2026-08-25 13:26:49,90,Completed,
REQ00226,PT2103,General Surgery,Diagnostic imaging,2026-08-30 14:03:54,Recovery / PACU,OT Complex - Theatre 1,Routine,OT Coordinator,P02,2026-08-30 14:11:37,2026-08-30 14:13:09,2026-08-30 14:21:58,90,Completed,
REQ00527,PT6463,Oncology,Dialysis session,2026-08-30 11:20:31,unknown / see nursing station,OT Complex - Theatre 3,Routine,Ward Sister,P04,2026-08-30 11:22:53,2026-08-30 11:25:46,2026-08-30 11:31:49,90,Completed,
REQ00427,PT3057,Radiology,Discharge transport,2026-08-26 14:37:43,Ward B2 (Orthopedics),ICU,Routine,OT Coordinator,P07,2026-08-26 14:37:43,2026-08-26 14:41:25,2026-08-26 14:48:00,90,Completed,
REQ00054,PT6772,Orthopedics,Dialysis session,2026-08-29 21:58:38,OT Complex - Theatre 2,NICU,Routine,Ward Sister,,,,,90,Missed,No porter reached / call not picked up
REQ00195,PT5888,Oncology,Dialysis session,2026-08-28 06:56:12,OT Complex - Theatre 3,Ward B2 (Orthopedics),Routine,Duty Doctor,,,,,90,Missed,No porter reached / call not picked up
REQ00223,PT1745,Emergency Medicine,Pre-op transfer to OT,2026-08-26 02:43:07,Recovery / PACU,Ward A1 (General Surgery),Routine,Staff Nurse,,,,,90,Missed,No porter reached / call not picked up
REQ00517,PT2951,Cardiology,Dialysis session,2026-08-28 16:33:16,NICU,Ward D2 (Oncology),Urgent,Ward Sister,P04,2026-08-28 16:45:30,2026-08-28 16:47:52,2026-08-28 16:56:31,30,Completed,
REQ00087,PT2353,Emergency Medicine,Diagnostic imaging,2026-08-26 21:31:44,unknown / see nursing station,Radiology - CT,Routine,Duty Doctor,,,,,90,Missed,No porter reached / call not picked up
REQ00560,PT6268,Emergency Medicine,Discharge transport,2026-08-30 10:00:20,Ward A1 (General Surgery),Radiology - CT,Urgent,Ward Sister,P02,2026-08-30 10:17:51,2026-08-30 10:21:14,2026-08-30 10:32:06,30,Delayed,Porter occupied with another transfer
REQ00106,PT5442,Nephrology,Dialysis session,2026-08-24 10:28:41,ICU,OT Complex - Theatre 3,Urgent,Radiology Tech,P05,2026-08-24 10:33:01,2026-08-24 10:36:56,2026-08-24 10:48:55,30,Completed,
REQ00188,PT4262,General Surgery,Diagnostic imaging,2026-08-25 19:12:53,Ward A2 (General Surgery),ICU,Emergency,OT Coordinator,P06,2026-08-25 19:25:14,2026-08-25 19:28:51,2026-08-25 19:36:10,10,Delayed,Porter shift change during transfer
REQ00510,PT1628,Orthopedics,ICU transfer,2026-08-28 14:12:54,,Ward C1 (Cardiology),Urgent,OT Coordinator,P04,2026-08-28 14:20:44,2026-08-28 14:22:41,2026-08-28 14:28:43,30,Completed,
REQ00230,PT3717,Orthopedics,Discharge transport,2026-08-27 13:05:25,Radiology - CT,Recovery / PACU,Emergency,Radiology Tech,P03,2026-08-27 13:15:13,2026-08-27 13:16:57,2026-08-27 13:23:57,10,Delayed,Lift / corridor congestion
REQ00444,PT5029,Cardiology,Discharge transport,2026-08-24 08:18:11,Ward D2 (Oncology),NICU,Routine,Ward Sister,P04,2026-08-24 08:26:44,2026-08-24 08:30:27,,90,Cancelled,Procedure postponed
REQ00465,PT6314,General Surgery,Dialysis session,2026-08-28 13:06:45,Recovery / PACU,Discharge Lounge,Urgent,Duty Doctor,P03,2026-08-28 13:10:32,2026-08-28 13:16:44,2026-08-28 13:31:19,30,Completed,
REQ00613,PT3947,Nephrology,Post-op transfer to Recovery/Ward,2026-08-24 11:32:09,Dialysis Unit,OT Complex - Theatre 2,,Duty Doctor,P01,2026-08-24 11:43:16,2026-08-24 11:48:11,2026-08-24 11:59:52,90,Completed,
REQ00027,PT9540,Cardiology,Discharge transport,2026-08-25 16:30:28,ICU,Ward D2 (Oncology),Routine,Duty Doctor,P04,2026-08-25 16:38:05,2026-08-25 16:40:36,2026-08-25 16:48:02,90,Completed,
REQ00032,PT1420,General Surgery,Dialysis session,2026-08-25 14:47:45,Ward B2 (Orthopedics),Ward D1 (Oncology),Routine,OT Coordinator,,,,,90,Missed,No porter reached / call not picked up
REQ00110,PT2562,General Surgery,ICU transfer,2026-08-30 08:39:54,Radiology - MRI,OT Complex - Theatre 1,Routine,Ward Sister,,,,,90,Missed,No porter reached / call not picked up
REQ00592,PT8761,Orthopedics,Dialysis session,2026-08-25 15:58:46,OT Complex - Theatre 3,OT Complex - Theatre 2,Urgent,Radiology Tech,P06,2026-08-25 16:17:14,2026-08-25 16:18:02,2026-08-25 16:26:36,30,Completed,
REQ00486,PT5643,Oncology,Post-op transfer to Recovery/Ward,2026-08-28 18:20:09,NICU,Ward D2 (Oncology),Routine,Ward Sister,P01,2026-08-28 18:20:09,2026-08-28 18:21:47,2026-08-28 18:27:15,90,Completed,
REQ00529,PT1915,Nephrology,Post-op transfer to Recovery/Ward,2026-08-30 07:29:09,Recovery / PACU,Radiology - X-Ray,Urgent,Ward Sister,P02,2026-08-30 07:46:14,2026-08-30 07:48:09,2026-08-30 07:54:40,30,Completed,
REQ00362,PT1709,General Surgery,Diagnostic imaging,2026-08-25 07:50:42,OT Complex - Theatre 3,Discharge Lounge,,Staff Nurse,P05,2026-08-25 07:57:57,2026-08-25 08:02:29,2026-08-25 08:10:22,10,Delayed,Lift / corridor congestion
REQ00321,PT8122,Emergency Medicine,Discharge transport,2026-08-30 20:14:24,Radiology - MRI,OT Complex - Theatre 3,Urgent,Staff Nurse,P05,2026-08-30 20:28:16,2026-08-30 20:30:05,2026-08-30 20:34:35,30,Completed,
REQ00645,PT6594,Cardiology,Pre-op transfer to OT,2026-08-28 11:40:47,Ward A1 (General Surgery),Emergency Department,Urgent,Duty Doctor,P02,2026-08-28 11:42:39,2026-08-28 11:45:30,2026-08-28 11:54:24,30,Completed,
REQ00094,PT3762,General Surgery,Dialysis session,2026-08-25 15:35:17,Ward C1 (Cardiology),emergency department,Routine,Radiology Tech,P03,2026-08-25 15:55:12,2026-08-25 15:57:56,2026-08-25 16:08:30,90,Completed,
REQ00011,PT2790,Cardiology,Discharge transport,2026-08-30 16:43:41,Ward B2 (Orthopedics),Ward A2 (General Surgery),Urgent,Ward Sister,P04,2026-08-30 16:54:05,2026-08-30 16:56:05,2026-08-30 17:01:41,30,Completed,
REQ00504,PT7449,Radiology,Dialysis session,2026-08-24 10:30:18,ICU,Ward D1 (Oncology),Emergency,Ward Sister,P05,2026-08-24 10:42:17,2026-08-24 10:46:19,2026-08-24 10:54:10,10,Delayed,Porter shift change during transfer
REQ00102,PT4728,Radiology,Discharge transport,2026-08-29 18:40:01,Discharge Lounge,OT Complex - Theatre 2,,Staff Nurse,P08,2026-08-29 18:42:44,2026-08-29 18:48:29,2026-08-29 19:03:34,30,Completed,
REQ00505,PT7587,Radiology,Post-op transfer to Recovery/Ward,2026-08-24 14:21:19,radiology - ct,Ward B2 (Orthopedics),Emergency,OT Coordinator,P01,2026-08-24 14:34:55,2026-08-24 14:39:41,2026-08-24 14:52:53,10,Delayed,Porter shift change during transfer
REQ00343,PT1535,Cardiology,Dialysis session,2026-08-29 15:55:40,Ward B1 (Orthopedics),Radiology - X-Ray,Routine,OT Coordinator,P07,2026-08-29 16:03:50,2026-08-29 16:06:47,2026-08-29 16:13:15,90,Completed,
REQ00544,PT4253,General Surgery,Dialysis session,2026-08-29 17:44:27,Radiology - CT,Discharge Lounge,Urgent,Staff Nurse,P03,2026-08-29 18:00:51,2026-08-29 18:04:00,,30,Cancelled,Patient condition changed
REQ00124,PT6770,Radiology,Discharge transport,2026-08-29 10:48:52,OT Complex - Theatre 2,,,Ward Sister,P03,2026-08-29 10:51:56,2026-08-29 10:52:57,2026-08-29 10:56:13,90,Completed,
REQ00113,PT9281,Nephrology,Dialysis session,2026-08-28 12:45:23,Ward B1 (Orthopedics),Discharge Lounge,Emergency,Ward Sister,P03,2026-08-28 12:59:24,2026-08-28 13:01:57,2026-08-28 13:06:57,10,Delayed,Handover receiving unit unavailable
REQ00377,PT8106,Nephrology,Discharge transport,2026-08-29 21:47:29,ICU,Dialysis Unit,Routine,Radiology Tech,,,,,90,Missed,No porter reached / call not picked up
REQ00503,PT3184,Cardiology,Discharge transport,2026-08-28 12:10:43,OT Complex - Theatre 3,Ward D2 (Oncology),Urgent,Radiology Tech,P06,2026-08-28 12:24:43,2026-08-28 12:28:40,2026-08-28 12:37:12,30,Completed,
REQ00405,PT7548,General Surgery,ICU transfer,2026-08-27 18:47:37,Discharge Lounge,Recovery / PACU,Routine,Duty Doctor,P08,2026-08-27 18:55:51,2026-08-27 19:01:20,2026-08-27 19:16:09,90,Completed,
REQ00166,PT2978,Cardiology,ICU transfer,2026-08-30 17:06:09,Ward B2 (Orthopedics),Ward D1 (Oncology),Urgent,Radiology Tech,P06,2026-08-30 17:06:09,2026-08-30 17:08:52,2026-08-30 17:16:40,30,Completed,
REQ00417,PT3293,Nephrology,Ward-to-ward transfer,2026-08-28 18:14:22,NICU,Emergency Department,Routine,Duty Doctor,P04,2026-08-28 18:28:04,2026-08-28 18:29:52,2026-08-28 18:37:46,90,Completed,
REQ00199,PT3768,Emergency Medicine,Dialysis session,2026-08-30 11:14:14,Ward C1 (Cardiology),ward d2 (oncology),Routine,Staff Nurse,P06,2026-08-30 11:19:39,2026-08-30 11:20:27,2026-08-30 11:23:38,90,Completed,
REQ00246,PT9776,Cardiology,Dialysis session,2026-08-29 17:14:43,,Radiology - CT,Urgent,Staff Nurse,P05,2026-08-29 17:24:25,2026-08-29 17:27:37,2026-08-29 17:37:18,30,Completed,
REQ00031,PT1659,General Surgery,Discharge transport,2026-08-24 12:47:34,Ward A2 (General Surgery),Radiology - MRI,Urgent,Staff Nurse,P04,2026-08-24 12:55:56,2026-08-24 13:00:18,2026-08-24 13:11:25,30,Completed,
REQ00138,PT8303,Emergency Medicine,Post-op transfer to Recovery/Ward,2026-08-24 09:32:47,OT Complex - Theatre 3,Dialysis Unit,Routine,OT Coordinator,P07,2026-08-24 09:37:40,2026-08-24 09:40:41,2026-08-24 09:49:55,90,Completed,
REQ00525,PT7967,Emergency Medicine,Post-op transfer to Recovery/Ward,2026-08-24 19:38:09,Ward C2 (Cardiology),OT Complex - Theatre 1,Routine,Ward Sister,P05,2026-08-24 19:42:39,2026-08-24 19:46:23,2026-08-24 19:57:07,90,Completed,
REQ00440,PT1722,Orthopedics,Discharge transport,2026-08-29 13:22:26,OT Complex - Theatre 2,OT Complex - Theatre 1,Urgent,Staff Nurse,P03,2026-08-29 13:33:02,2026-08-29 13:33:55,2026-08-29 13:41:13,30,Completed,
REQ00351,PT5748,Cardiology,ICU transfer,2026-08-26 08:47:34,ot complex - theatre 3,Emergency Department,Routine,Radiology Tech,P03,2026-08-26 08:58:32,2026-08-26 09:00:30,2026-08-26 09:09:04,90,Completed,
REQ00298,PT4478,Cardiology,Dialysis session,2026-08-29 18:51:39,Radiology - X-Ray,OT Complex - Theatre 1,Emergency,Staff Nurse,,,,,10,Missed,No porter reached / call not picked up
REQ00019,PT7755,Nephrology,Post-op transfer to Recovery/Ward,2026-08-28 16:59:59,Ward D2 (Oncology),Ward C2 (Cardiology),Routine,Staff Nurse,P03,2026-08-28 17:07:31,2026-08-28 17:08:19,2026-08-28 17:16:47,90,Completed,
REQ00261,PT1134,Radiology,ICU transfer,2026-08-24 21:01:11,Ward B2 (Orthopedics),Emergency Department,Urgent,Ward Sister,,,,,30,Missed,No porter reached / call not picked up
REQ00607,PT6199,Nephrology,ICU transfer,2026-08-28 15:14:07,Ward A2 (General Surgery),Ward D1 (Oncology),Routine,Staff Nurse,P04,2026-08-28 15:30:55,2026-08-28 15:33:36,2026-08-28 15:41:31,90,Completed,
REQ00542,PT8046,Nephrology,Diagnostic imaging,2026-08-25 15:20:36,Ward A2 (General Surgery),unknown / see nursing station,Emergency,Duty Doctor,P04,2026-08-25 15:35:25,2026-08-25 15:41:08,2026-08-25 15:55:04,10,Delayed,Handover receiving unit unavailable
REQ00105,PT5480,Nephrology,Ward-to-ward transfer,2026-08-25 15:31:20,OT Complex - Theatre 2,radiology - ct,Routine,OT Coordinator,P02,2026-08-25 15:32:36,2026-08-25 15:34:21,2026-08-25 15:42:34,90,Completed,
REQ00174,PT6978,Nephrology,Dialysis session,2026-08-30 10:01:09,Dialysis Unit,Ward C1 (Cardiology),Routine,Staff Nurse,P06,2026-08-30 10:09:53,2026-08-30 10:10:45,2026-08-30 10:13:14,90,Completed,
REQ00375,PT4700,Oncology,Discharge transport,2026-08-30 13:18:16,Ward A2 (General Surgery),Emergency Department,Routine,Radiology Tech,P02,2026-08-30 13:24:40,2026-08-30 13:26:50,2026-08-30 13:32:45,90,Completed,
REQ00009,PT8177,Radiology,Diagnostic imaging,2026-08-28 16:44:12,,Radiology - X-Ray,Routine,Radiology Tech,P08,2026-08-28 16:55:18,2026-08-28 16:57:53,2026-08-28 17:04:23,90,Completed,
REQ00553,PT4175,Orthopedics,Diagnostic imaging,2026-08-24 16:08:29,unknown / see nursing station,Ward C2 (Cardiology),,Radiology Tech,,,,,30,Missed,No porter reached / call not picked up
REQ00287,PT8680,Nephrology,Dialysis session,2026-08-25 09:01:22,Ward B1 (Orthopedics),ot complex - theatre 3,Urgent,OT Coordinator,,,,,30,Missed,No porter reached / call not picked up
REQ00521,PT7458,Orthopedics,Post-op transfer to Recovery/Ward,2026-08-30 08:36:31,Ward C2 (Cardiology),Emergency Department,,Radiology Tech,P04,2026-08-30 08:46:37,2026-08-30 08:48:57,2026-08-30 08:56:34,10,Delayed,Porter shift change during transfer
REQ00598,PT7767,General Surgery,Post-op transfer to Recovery/Ward,2026-08-25 10:58:03,Ward D2 (Oncology),ICU,Emergency,Radiology Tech,P01,2026-08-25 11:08:45,2026-08-25 11:11:05,2026-08-25 11:18:34,10,Delayed,Porter shift change during transfer
REQ00233,PT4465,Radiology,Diagnostic imaging,2026-08-24 13:08:28,Ward C2 (Cardiology),ICU,Emergency,Ward Sister,P03,2026-08-24 13:20:56,2026-08-24 13:24:03,2026-08-24 13:33:54,10,Delayed,Ward could not release patient on time
REQ00295,PT5903,General Surgery,Discharge transport,2026-08-30 14:29:47,Dialysis Unit,Radiology - CT,Routine,OT Coordinator,,,,,90,Missed,No porter reached / call not picked up
REQ00357,PT8799,Radiology,Ward-to-ward transfer,2026-08-28 16:37:30,Dialysis Unit,Radiology - X-Ray,Routine,Staff Nurse,,,,,90,Missed,No porter reached / call not picked up
REQ00430,PT1033,Radiology,Post-op transfer to Recovery/Ward,2026-08-29 22:21:13,OT Complex - Theatre 1,Emergency Department,Emergency,Radiology Tech,,,,,10,Missed,No porter reached / call not picked up
REQ00582,PT2753,Cardiology,Discharge transport,2026-08-27 17:55:33,OT Complex - Theatre 1,Ward A2 (General Surgery),Emergency,OT Coordinator,P02,2026-08-27 18:09:31,2026-08-27 18:15:10,2026-08-27 18:25:20,10,Delayed,Porter shift change during transfer
REQ00279,PT8245,Cardiology,Dialysis session,2026-08-26 08:22:38,unknown / see nursing station,Emergency Department,Urgent,Radiology Tech,P03,2026-08-26 08:22:38,2026-08-26 08:26:29,2026-08-26 08:36:36,30,Completed,
REQ00284,PT7262,General Surgery,Ward-to-ward transfer,2026-08-28 20:14:09,Emergency Department,Radiology - X-Ray,Routine,Radiology Tech,P04,2026-08-28 20:22:03,2026-08-28 20:23:21,2026-08-28 20:30:35,90,Completed,
REQ00313,PT6212,Oncology,Ward-to-ward transfer,2026-08-24 18:55:01,Ward D2 (Oncology),OT Complex - Theatre 1,Routine,Duty Doctor,P07,2026-08-24 18:57:28,2026-08-24 19:02:21,2026-08-24 19:12:29,90,Completed,
REQ00029,PT8956,Cardiology,ICU transfer,2026-08-30 11:47:47,Recovery / PACU,ward d2 (oncology),Routine,Staff Nurse,P07,2026-08-30 11:51:07,2026-08-30 11:56:21,2026-08-30 12:07:13,90,Completed,
REQ00577,PT5974,Radiology,Post-op transfer to Recovery/Ward,2026-08-29 08:43:09,OT Complex - Theatre 3,nicu,Routine,Duty Doctor,P05,2026-08-29 08:55:45,2026-08-29 08:59:13,2026-08-29 09:07:04,90,Completed,
REQ00129,PT7525,Emergency Medicine,Post-op transfer to Recovery/Ward,2026-08-28 14:02:11,Emergency Department,Ward A1 (General Surgery),Routine,Staff Nurse,P05,2026-08-28 14:12:30,2026-08-28 14:16:12,2026-08-28 14:26:46,90,Completed,
REQ00266,PT8951,Cardiology,Pre-op transfer to OT,2026-08-27 16:01:44,Radiology - MRI,Radiology - CT,Routine,Duty Doctor,P05,2026-08-27 16:09:05,2026-08-27 16:09:53,2026-08-27 16:14:28,90,Completed,
REQ00605,PT5403,Cardiology,Diagnostic imaging,2026-08-25 17:18:21,Dialysis Unit,Radiology - MRI,Emergency,OT Coordinator,P01,2026-08-25 17:31:52,2026-08-25 17:35:48,,10,Cancelled,Duplicate request
REQ00204,PT7319,Oncology,Diagnostic imaging,2026-08-29 07:52:21,,Ward B2 (Orthopedics),Urgent,Duty Doctor,P07,2026-08-29 08:00:32,2026-08-29 08:01:54,2026-08-29 08:05:03,30,Completed,
REQ00062,PT8847,General Surgery,Pre-op transfer to OT,2026-08-28 09:39:02,unknown / see nursing station,NICU,Routine,Duty Doctor,P07,2026-08-28 09:51:31,2026-08-28 09:54:21,2026-08-28 10:00:28,90,Completed,
REQ00573,PT5762,Nephrology,Pre-op transfer to OT,2026-08-27 14:31:55,Ward D2 (Oncology),OT Complex - Theatre 3,Emergency,Ward Sister,P03,2026-08-27 14:40:14,2026-08-27 14:43:03,2026-08-27 14:54:12,10,Delayed,Handover receiving unit unavailable
REQ00464,PT4485,General Surgery,ICU transfer,2026-08-25 07:20:11,,Radiology - X-Ray,Routine,Duty Doctor,P04,2026-08-25 07:35:00,2026-08-25 07:40:33,2026-08-25 07:54:20,90,Completed,
REQ00488,PT5637,Emergency Medicine,Ward-to-ward transfer,2026-08-27 10:43:30,Radiology - CT,Radiology - X-Ray,Urgent,OT Coordinator,P04,2026-08-27 10:43:55,2026-08-27 10:44:49,2026-08-27 10:47:45,30,Completed,
REQ00063,PT8433,Emergency Medicine,Diagnostic imaging,2026-08-26 14:37:35,Emergency Department,Radiology - X-Ray,Routine,Radiology Tech,P07,2026-08-26 14:53:09,2026-08-26 14:56:05,2026-08-26 15:06:13,90,Completed,
REQ00118,PT6224,Radiology,Dialysis session,2026-08-30 18:03:08,OT Complex - Theatre 3,NICU,Urgent,Radiology Tech,P06,2026-08-30 18:14:05,2026-08-30 18:17:25,2026-08-30 18:30:30,30,Completed,
REQ00563,PT6131,Emergency Medicine,Discharge transport,2026-08-30 11:19:17,Emergency Department,Radiology - MRI,,Duty Doctor,P01,2026-08-30 11:20:01,2026-08-30 11:22:59,2026-08-30 11:28:26,30,Completed,
REQ00354,PT2410,Emergency Medicine,Dialysis session,2026-08-27 17:18:10,Radiology - X-Ray,OT Complex - Theatre 1,Urgent,Ward Sister,P04,2026-08-27 17:31:37,2026-08-27 17:33:02,2026-08-27 17:44:47,30,Completed,
REQ00053,PT2747,Nephrology,ICU transfer,2026-08-27 15:29:54,NICU,Ward D1 (Oncology),Routine,Ward Sister,P07,2026-08-27 15:30:50,2026-08-27 15:32:35,2026-08-27 15:40:52,90,Completed,
REQ00557,PT5822,General Surgery,Diagnostic imaging,2026-08-24 16:08:17,ICU,OT Complex - Theatre 3,Urgent,Duty Doctor,P08,2026-08-24 16:08:17,2026-08-24 16:12:14,2026-08-24 16:23:30,30,Completed,
REQ00229,PT4485,Nephrology,Dialysis session,2026-08-24 19:54:32,Ward A1 (General Surgery),Discharge Lounge,Routine,Staff Nurse,P05,2026-08-24 19:54:32,2026-08-24 19:55:20,2026-08-24 19:57:32,90,Completed,
REQ00360,PT2867,Radiology,Dialysis session,2026-08-25 18:50:57,Recovery / PACU,OT Complex - Theatre 3,Routine,Duty Doctor,P08,2026-08-25 18:58:17,2026-08-25 18:59:50,,90,Cancelled,Patient condition changed
REQ00648,PT5406,Radiology,Dialysis session,2026-08-28 14:44:27,Radiology - CT,NICU,Urgent,Staff Nurse,,,,,30,Missed,No porter reached / call not picked up
REQ00034,PT5397,Oncology,ICU transfer,2026-08-27 08:33:41,ICU,Dialysis Unit,Routine,OT Coordinator,P04,2026-08-27 08:33:41,2026-08-27 08:36:02,2026-08-27 08:42:51,90,Completed,
REQ00260,PT2121,Oncology,Post-op transfer to Recovery/Ward,2026-08-28 17:43:17,NICU,Dialysis Unit,,Ward Sister,P03,2026-08-28 17:45:20,2026-08-28 17:47:15,2026-08-28 17:56:53,90,Completed,
REQ00535,PT2654,Radiology,Dialysis session,2026-08-26 16:46:22,Ward C1 (Cardiology),Ward B2 (Orthopedics),Urgent,Radiology Tech,,,,,30,Missed,No porter reached / call not picked up
REQ00387,PT4747,Emergency Medicine,Ward-to-ward transfer,2026-08-27 20:56:36,unknown / see nursing station,Ward A1 (General Surgery),Routine,Staff Nurse,P08,2026-08-27 21:07:34,2026-08-27 21:10:57,2026-08-27 21:21:00,90,Completed,
REQ00618,PT9334,Orthopedics,Dialysis session,2026-08-26 22:48:06,Ward D2 (Oncology),NICU,,Ward Sister,,,,,30,Missed,No porter reached / call not picked up
REQ00422,PT9863,Oncology,Diagnostic imaging,2026-08-24 17:42:39,Radiology - X-Ray,Radiology - MRI,Urgent,Staff Nurse,P08,2026-08-24 17:53:04,2026-08-24 17:54:10,2026-08-24 17:56:57,30,Completed,
REQ00329,PT4104,Radiology,ICU transfer,2026-08-29 11:06:40,Radiology - CT,OT Complex - Theatre 3,Emergency,Ward Sister,,,,,10,Missed,No porter reached / call not picked up
REQ00511,PT1846,Oncology,Ward-to-ward transfer,2026-08-29 22:14:21,Radiology - X-Ray,OT Complex - Theatre 3,,OT Coordinator,,,,,10,Missed,No porter reached / call not picked up
REQ00123,PT3390,Orthopedics,Ward-to-ward transfer,2026-08-26 19:23:20,Radiology - X-Ray,Ward A2 (General Surgery),Routine,Staff Nurse,P05,2026-08-26 19:23:49,2026-08-26 19:37:08,2026-08-26 19:27:40,90,Completed,
REQ00189,PT2480,Cardiology,Ward-to-ward transfer,2026-08-30 12:35:22,Radiology - CT,Ward C2 (Cardiology),Routine,OT Coordinator,P01,2026-08-30 12:40:39,2026-08-30 12:44:10,2026-08-30 12:50:26,90,Completed,
REQ00640,PT9029,Emergency Medicine,ICU transfer,2026-08-28 18:10:40,ICU,Ward C1 (Cardiology),Routine,OT Coordinator,P02,2026-08-28 18:16:30,2026-08-28 18:17:54,,90,Cancelled,Patient condition changed
REQ00030-DUP,PT5262,Orthopedics,Pre-op transfer to OT,2026-08-28 15:07:41,Radiology - X-Ray,Ward C1 (Cardiology),Routine,Duty Doctor,P06,2026-08-28 15:15:43,2026-08-28 15:19:05,2026-08-28 15:29:52,90,Completed,
REQ00276-DUP,PT1886,Radiology,ICU transfer,2026-08-24 18:17:47,Discharge Lounge,Ward A1 (General Surgery),Routine,OT Coordinator,P01,2026-08-24 18:29:51,2026-08-24 18:30:39,2026-08-24 18:38:11,90,Completed,
REQ00363,PT4962,Emergency Medicine,Discharge transport,2026-08-25 18:17:37,Radiology - CT,Radiology - MRI,Urgent,Radiology Tech,P02,2026-08-25 18:32:01,2026-08-25 18:33:49,2026-08-25 18:41:56,30,Completed,
REQ00270,PT7046,Radiology,ICU transfer,2026-08-27 20:53:05,OT Complex - Theatre 1,Ward A2 (General Surgery),Urgent,Staff Nurse,P05,2026-08-27 21:06:48,2026-08-27 21:10:43,2026-08-27 21:20:01,30,Completed,
REQ00614,PT7591,Cardiology,Post-op transfer to Recovery/Ward,2026-08-25 22:08:32,OT Complex - Theatre 3,Radiology - MRI,Routine,Radiology Tech,,,,,90,Missed,No porter reached / call not picked up
REQ00047,PT6568,Nephrology,ICU transfer,2026-08-28 13:56:08,Ward B1 (Orthopedics),NICU,Routine,Radiology Tech,P05,2026-08-28 14:06:13,2026-08-28 14:08:50,2026-08-28 14:15:57,90,Completed,
REQ00411-DUP,PT5698,Oncology,Diagnostic imaging,2026-08-24 18:29:26,Ward A1 (General Surgery),ICU,Routine,Radiology Tech,P03,2026-08-24 18:41:24,2026-08-24 18:45:00,2026-08-24 18:54:27,90,Completed,
REQ00359,PT2570,Radiology,Diagnostic imaging,2026-08-26 18:43:51,NICU,ICU,Routine,Radiology Tech,P06,2026-08-26 18:52:16,2026-08-26 18:53:21,2026-08-26 18:57:04,90,Completed,
REQ00128,PT6427,Nephrology,ICU transfer,2026-08-27 11:30:03,Ward A1 (General Surgery),Ward D1 (Oncology),Emergency,Radiology Tech,P02,2026-08-27 11:47:18,2026-08-27 11:50:55,2026-08-27 11:57:36,10,Delayed,Handover receiving unit unavailable
REQ00395,PT6384,Radiology,Pre-op transfer to OT,2026-08-30 14:26:58,Ward B1 (Orthopedics),unknown / see nursing station,Routine,Staff Nurse,P05,2026-08-30 14:31:10,2026-08-30 14:33:16,2026-08-30 14:38:19,90,Completed,
REQ00519,PT5194,Cardiology,Post-op transfer to Recovery/Ward,2026-08-26 22:40:52,Ward A1 (General Surgery),Radiology - MRI,Urgent,Staff Nurse,,,,,30,Missed,No porter reached / call not picked up
REQ00441,PT3369,Emergency Medicine,Dialysis session,2026-08-25 12:38:21,NICU,Radiology - MRI,Routine,Staff Nurse,P04,2026-08-25 12:38:21,2026-08-25 12:40:28,2026-08-25 12:49:00,90,Completed,
REQ00042,PT9847,Cardiology,Dialysis session,2026-08-28 20:28:07,OT Complex - Theatre 1,unknown / see nursing station,Routine,Duty Doctor,P08,2026-08-28 20:30:00,2026-08-28 20:33:24,2026-08-28 20:42:46,90,Completed,
REQ00524,PT2841,Radiology,ICU transfer,2026-08-24 09:24:09,,NICU,Urgent,Duty Doctor,P03,2026-08-24 09:29:39,2026-08-24 09:32:25,2026-08-24 09:40:30,30,Completed,
REQ00071,PT2288,Oncology,Dialysis session,2026-08-29 20:05:27,Ward B2 (Orthopedics),ICU,Urgent,Duty Doctor,P05,2026-08-29 20:13:20,2026-08-29 20:15:58,2026-08-29 20:24:04,30,Completed,
REQ00516,PT7567,Nephrology,ICU transfer,2026-08-30 13:04:10,ot complex - theatre 1,Recovery / PACU,Urgent,Radiology Tech,P05,2026-08-30 13:14:21,2026-08-30 13:15:34,2026-08-30 13:21:33,30,Completed,
REQ00015,PT1152,Nephrology,Pre-op transfer to OT,2026-08-26 09:25:08,NICU,OT Complex - Theatre 2,Urgent,Duty Doctor,P02,2026-08-26 09:36:51,2026-08-26 09:40:18,2026-08-26 09:49:01,30,Completed,
REQ00097,PT1829,Orthopedics,Pre-op transfer to OT,2026-08-28 07:15:29,Ward B2 (Orthopedics),NICU,Urgent,OT Coordinator,P07,2026-08-28 07:27:35,2026-08-28 07:30:09,2026-08-28 07:42:12,30,Completed,
REQ00211,PT3018,General Surgery,Ward-to-ward transfer,2026-08-25 12:50:12,Emergency Department,Ward B2 (Orthopedics),Routine,Duty Doctor,P08,2026-08-25 12:50:12,2026-08-25 12:51:43,2026-08-25 12:59:33,90,Completed,
REQ00280,PT5999,Nephrology,Pre-op transfer to OT,2026-08-28 20:55:53,NICU,Ward A1 (General Surgery),Urgent,Duty Doctor,P08,2026-08-28 21:12:57,2026-08-28 21:16:42,2026-08-28 21:26:30,30,Delayed,Lift / corridor congestion
REQ00308,PT5624,Nephrology,Post-op transfer to Recovery/Ward,2026-08-27 13:04:30,Ward B2 (Orthopedics),,Routine,OT Coordinator,P03,2026-08-27 13:09:40,2026-08-27 13:13:03,2026-08-27 13:22:02,90,Completed,
REQ00197,PT7112,Orthopedics,Ward-to-ward transfer,2026-08-29 12:27:30,Radiology - MRI,Ward A1 (General Surgery),Emergency,Staff Nurse,P06,2026-08-29 12:35:49,2026-08-29 12:39:02,2026-08-29 12:48:02,10,Delayed,Multiple concurrent emergencies diverted porter
REQ00051,PT6314,General Surgery,Pre-op transfer to OT,2026-08-30 15:55:06,OT Complex - Theatre 1,Ward C2 (Cardiology),Routine,Staff Nurse,P05,2026-08-30 15:59:05,2026-08-30 16:03:56,2026-08-30 16:15:18,90,Completed,
REQ00089,PT7001,General Surgery,Post-op transfer to Recovery/Ward,2026-08-29 08:01:09,Discharge Lounge,OT Complex - Theatre 1,Emergency,OT Coordinator,P07,2026-08-29 08:10:36,2026-08-29 08:15:44,2026-08-29 08:28:41,10,Delayed,Handover receiving unit unavailable
REQ00434,PT9731,Radiology,Pre-op transfer to OT,2026-08-26 20:54:14,OT Complex - Theatre 3,ICU,Urgent,Radiology Tech,,,,,30,Missed,No porter reached / call not picked up
REQ00172,PT3885,Nephrology,Post-op transfer to Recovery/Ward,2026-08-24 16:14:36,Radiology - MRI,Radiology - CT,Routine,Ward Sister,P06,2026-08-24 16:22:33,2026-08-24 16:24:11,,90,Cancelled,Procedure postponed
REQ00299,PT6536,Orthopedics,Diagnostic imaging,2026-08-24 15:21:25,Dialysis Unit,Ward A1 (General Surgery),Routine,Duty Doctor,P08,2026-08-24 15:31:56,2026-08-24 15:35:53,2026-08-24 15:33:02,90,Completed,
REQ00627,PT7773,Cardiology,Diagnostic imaging,2026-08-25 18:25:55,Ward D2 (Oncology),Emergency Department,Routine,Ward Sister,P04,2026-08-25 18:35:25,2026-08-25 18:37:32,2026-08-25 18:49:26,90,Completed,
REQ00391,PT1673,Orthopedics,Dialysis session,2026-08-24 09:39:24,NICU,Radiology - X-Ray,Routine,Radiology Tech,P03,2026-08-24 09:46:56,2026-08-24 09:50:05,2026-08-24 10:02:31,90,Completed,
REQ00419,PT8755,Orthopedics,ICU transfer,2026-08-27 16:08:45,OT Complex - Theatre 3,Recovery / PACU,Emergency,Staff Nurse,P03,2026-08-27 16:22:09,2026-08-27 16:23:05,2026-08-27 16:31:05,10,Delayed,Porter shift change during transfer
REQ00091,PT5757,Emergency Medicine,Dialysis session,2026-08-25 19:28:05,Emergency Department,Radiology - MRI,Routine,OT Coordinator,P03,2026-08-25 19:32:49,2026-08-25 19:33:37,2026-08-25 19:36:30,90,Completed,
REQ00081,PT7495,Oncology,Pre-op transfer to OT,2026-08-30 12:58:14,OT Complex - Theatre 1,Radiology - CT,Routine,Radiology Tech,P06,2026-08-30 13:07:57,2026-08-30 13:12:43,2026-08-30 13:23:33,90,Completed,
REQ00231,PT6918,Emergency Medicine,Discharge transport,2026-08-27 09:16:23,Ward D2 (Oncology),Ward A2 (General Surgery),Routine,Duty Doctor,P08,2026-08-27 09:35:09,2026-08-27 09:36:32,2026-08-27 09:45:25,90,Completed,
REQ00147,PT9827,Cardiology,Dialysis session,2026-08-25 17:52:13,Ward A2 (General Surgery),Discharge Lounge,Urgent,Ward Sister,P06,2026-08-25 18:05:09,2026-08-25 18:06:16,2026-08-25 18:08:56,30,Completed,
REQ00238,PT2600,Nephrology,Discharge transport,2026-08-30 12:49:24,Radiology - CT,Discharge Lounge,Routine,Duty Doctor,P03,2026-08-30 12:51:31,2026-08-30 12:55:41,2026-08-30 13:09:19,90,Completed,
REQ00254,PT3654,General Surgery,Pre-op transfer to OT,2026-08-25 15:59:21,Radiology - X-Ray,Discharge Lounge,Urgent,OT Coordinator,P04,2026-08-25 15:59:21,2026-08-25 16:03:05,2026-08-25 16:15:24,30,Completed,
REQ00361,PT3108,General Surgery,Post-op transfer to Recovery/Ward,2026-08-28 13:21:11,nicu,Ward A1 (General Surgery),Routine,Ward Sister,P04,2026-08-28 13:27:43,2026-08-28 13:31:26,2026-08-28 13:43:06,90,Completed,
REQ00398,PT5398,Oncology,ICU transfer,2026-08-26 15:53:23,OT Complex - Theatre 3,unknown / see nursing station,Routine,Radiology Tech,P07,2026-08-26 15:58:52,2026-08-26 16:03:47,2026-08-26 16:16:16,90,Completed,
REQ00201,PT2867,General Surgery,Diagnostic imaging,2026-08-28 14:08:26,Ward B2 (Orthopedics),recovery,Routine,Staff Nurse,P08,2026-08-28 14:17:42,2026-08-28 14:23:24,2026-08-28 14:35:46,90,Completed,
REQ00367,PT9177,Nephrology,ICU transfer,2026-08-25 06:12:21,Ward D1 (Oncology),Radiology - X-Ray,Urgent,OT Coordinator,,,,,30,Missed,No porter reached / call not picked up
REQ00275,PT2562,Radiology,Ward-to-ward transfer,2026-08-25 16:46:20,OT Complex - Theatre 2,Ward C2 (Cardiology),Routine,Radiology Tech,P05,2026-08-25 17:04:56,2026-08-25 17:09:28,2026-08-25 17:17:43,90,Completed,
REQ00258,PT1172,Orthopedics,Diagnostic imaging,2026-08-28 09:05:28,NICU,Radiology - MRI,Urgent,Staff Nurse,,,,,30,Missed,No porter reached / call not picked up
REQ00437,PT8184,General Surgery,Discharge transport,2026-08-25 21:53:03,Emergency Department,Recovery / PACU,Routine,Staff Nurse,,,,,90,Missed,No porter reached / call not picked up
REQ00055,PT6977,General Surgery,Dialysis session,2026-08-29 07:40:41,Ward A2 (General Surgery),Emergency Department,Routine,Ward Sister,P02,2026-08-29 07:53:10,2026-08-29 07:56:00,2026-08-29 08:03:04,90,Completed,
REQ00186,PT5965,Nephrology,Discharge transport,2026-08-29 09:47:30,ICU,Radiology - MRI,Emergency,OT Coordinator,P05,2026-08-29 10:00:52,2026-08-29 10:03:57,2026-08-29 10:09:33,10,Delayed,Multiple concurrent emergencies diverted porter
REQ00556,PT1484,Orthopedics,Dialysis session,2026-08-28 14:00:10,OT Complex - Theatre 3,icu unit,Routine,Radiology Tech,P01,2026-08-28 14:01:01,2026-08-28 14:02:52,2026-08-28 14:09:16,90,Completed,
REQ00143,PT3838,Radiology,Ward-to-ward transfer,2026-08-28 07:24:27,Ward C2 (Cardiology),ot complex - theatre 3,Routine,Radiology Tech,,,,,90,Missed,No porter reached / call not picked up
REQ00403,PT1260,Orthopedics,Pre-op transfer to OT,2026-08-29 15:51:19,Ward B1 (Orthopedics),Ward C2 (Cardiology),Urgent,Ward Sister,P01,2026-08-29 16:01:30,2026-08-29 16:04:50,2026-08-29 16:12:33,30,Completed,
REQ00215,PT2016,Orthopedics,Discharge transport,2026-08-24 08:48:50,Ward C2 (Cardiology),Emergency Department,Routine,OT Coordinator,P04,2026-08-24 08:56:52,2026-08-24 08:58:51,2026-08-24 09:06:13,90,Completed,
REQ00338,PT8716,Orthopedics,Pre-op transfer to OT,2026-08-24 10:06:15,Radiology - X-Ray,Ward D1 (Oncology),Urgent,Radiology Tech,P08,2026-08-24 10:20:43,2026-08-24 10:24:44,2026-08-24 10:35:27,30,Completed,
REQ00586,PT5960,General Surgery,Dialysis session,2026-08-30 11:01:18,OT Complex - Theatre 1,Ward B2 (Orthopedics),Routine,Staff Nurse,P08,2026-08-30 11:14:00,2026-08-30 11:20:53,2026-08-30 11:36:21,90,Completed,
REQ00210,PT3689,General Surgery,Pre-op transfer to OT,2026-08-30 15:51:18,Recovery / PACU,OT Complex - Theatre 3,Urgent,Duty Doctor,P03,2026-08-30 16:00:46,2026-08-30 16:02:32,2026-08-30 16:06:14,30,Completed,
REQ00282,PT2631,Emergency Medicine,Ward-to-ward transfer,2026-08-26 18:01:18,Radiology - MRI,Ward D2 (Oncology),,OT Coordinator,P08,2026-08-26 18:07:57,2026-08-26 18:11:49,2026-08-26 18:19:46,90,Completed,
REQ00562,PT7599,Cardiology,Post-op transfer to Recovery/Ward,2026-08-28 02:01:41,Dialysis Unit,,Routine,Staff Nurse,,,,,90,Missed,No porter reached / call not picked up
REQ00550,PT6490,Emergency Medicine,Diagnostic imaging,2026-08-27 03:01:09,Radiology - CT,Recovery / PACU,Routine,Ward Sister,,,,,90,Missed,No porter reached / call not picked up
REQ00092,PT6067,General Surgery,Pre-op transfer to OT,2026-08-24 11:36:23,OT Complex - Theatre 1,Dialysis Unit,Urgent,Duty Doctor,P08,2026-08-24 11:36:23,2026-08-24 11:46:57,2026-08-24 11:39:13,30,Completed,
REQ00149,PT1040,Cardiology,Dialysis session,2026-08-27 13:17:44,Radiology - CT,OT Complex - Theatre 2,Routine,Staff Nurse,P08,2026-08-27 13:19:35,2026-08-27 13:20:51,2026-08-27 13:28:52,90,Completed,
REQ00561,PT4229,Cardiology,Post-op transfer to Recovery/Ward,2026-08-29 06:57:41,Radiology - X-Ray,OT Complex - Theatre 1,Urgent,Staff Nurse,,,,,30,Missed,No porter reached / call not picked up
REQ00057,PT1410,Orthopedics,ICU transfer,2026-08-29 16:16:37,Radiology - MRI,radiology - ct,,Radiology Tech,P06,2026-08-29 16:28:16,2026-08-29 16:29:11,2026-08-29 16:37:59,10,Delayed,Ward could not release patient on time
REQ00584,PT7628,General Surgery,Diagnostic imaging,2026-08-25 08:30:01,OT Complex - Theatre 3,OT Complex - Theatre 1,Urgent,Duty Doctor,P03,2026-08-25 08:30:08,2026-08-25 08:31:59,2026-08-25 08:35:46,30,Completed,
REQ00112,PT7813,Emergency Medicine,Diagnostic imaging,2026-08-28 09:08:30,Ward C1 (Cardiology),OT Complex - Theatre 2,Routine,Radiology Tech,P08,2026-08-28 09:16:17,2026-08-28 09:20:33,2026-08-28 09:27:57,90,Completed,
REQ00552,PT2528,Orthopedics,Pre-op transfer to OT,2026-08-30 16:58:16,Recovery / PACU,Ward C2 (Cardiology),Routine,Staff Nurse,P07,2026-08-30 17:07:19,2026-08-30 17:12:53,2026-08-30 17:25:29,90,Completed,
REQ00400,PT8612,Oncology,Pre-op transfer to OT,2026-08-24 14:58:02,OT Complex - Theatre 3,Ward B2 (Orthopedics),Routine,Radiology Tech,P05,2026-08-24 15:06:30,2026-08-24 15:11:03,,90,Cancelled,Procedure postponed
REQ00064,PT7132,Radiology,Diagnostic imaging,2026-08-26 18:25:26,Ward B2 (Orthopedics),Radiology - CT,Urgent,Ward Sister,P08,2026-08-26 18:26:28,2026-08-26 18:32:03,2026-08-26 18:45:58,30,Completed,
REQ00566,PT2356,Nephrology,Diagnostic imaging,2026-08-27 15:17:20,OT Complex - Theatre 2,Ward D2 (Oncology),Emergency,OT Coordinator,P04,2026-08-27 15:19:26,2026-08-27 15:22:56,2026-08-27 15:29:26,10,Delayed,Porter occupied with another transfer
REQ00194,PT6031,Orthopedics,Ward-to-ward transfer,2026-08-30 14:58:11,,Ward B1 (Orthopedics),Urgent,Duty Doctor,P06,2026-08-30 14:58:11,2026-08-30 15:00:38,2026-08-30 15:10:15,30,Completed,
REQ00068,PT9394,Orthopedics,Discharge transport,2026-08-24 09:42:27,OT Complex - Theatre 2,ot complex - theatre 1,Urgent,Staff Nurse,P06,2026-08-24 10:03:12,2026-08-24 10:04:00,2026-08-24 10:09:54,30,Completed,
REQ00276,PT1886,Radiology,ICU transfer,2026-08-24 18:14:47,Discharge Lounge,Ward A1 (General Surgery),Routine,OT Coordinator,P01,2026-08-24 18:29:51,2026-08-24 18:30:39,2026-08-24 18:38:11,90,Completed,
REQ00606,PT6145,Emergency Medicine,Dialysis session,2026-08-30 14:26:03,Dialysis Unit,Ward B1 (Orthopedics),Urgent,Staff Nurse,P08,2026-08-30 14:38:17,2026-08-30 14:41:04,2026-08-30 14:52:19,30,Completed,
REQ00121,PT4555,Emergency Medicine,Ward-to-ward transfer,2026-08-29 14:02:55,Ward B1 (Orthopedics),Ward D2 (Oncology),Routine,Duty Doctor,P04,2026-08-29 14:14:35,2026-08-29 14:16:16,2026-08-29 14:23:07,90,Completed,
REQ00252,PT2577,Oncology,Discharge transport,2026-08-24 11:44:10,Ward A2 (General Surgery),Ward D2 (Oncology),Routine,Duty Doctor,P06,2026-08-24 11:46:54,2026-08-24 11:49:03,2026-08-24 11:58:10,90,Completed,
REQ00285,PT3215,Radiology,Dialysis session,2026-08-29 07:34:43,Ward D1 (Oncology),Ward C1 (Cardiology),Urgent,Duty Doctor,P03,2026-08-29 07:38:24,2026-08-29 07:39:12,2026-08-29 07:44:49,30,Completed,
REQ00474,PT7297,General Surgery,Ward-to-ward transfer,2026-08-26 09:37:42,Ward C2 (Cardiology),Ward A1 (General Surgery),Emergency,Duty Doctor,P02,2026-08-26 09:39:05,2026-08-26 09:40:46,2026-08-26 09:47:09,10,Completed,
REQ00461,PT7403,Emergency Medicine,Ward-to-ward transfer,2026-08-25 08:01:38,Ward B2 (Orthopedics),Ward D1 (Oncology),Urgent,Ward Sister,P02,2026-08-25 08:09:12,2026-08-25 08:11:18,2026-08-25 08:18:07,30,Completed,
REQ00409,PT9444,Nephrology,Ward-to-ward transfer,2026-08-30 10:02:49,Recovery / PACU,ICU,Routine,Radiology Tech,P02,2026-08-30 10:07:06,2026-08-30 10:08:32,2026-08-30 10:12:39,90,Completed,
REQ00536,PT9459,Orthopedics,Dialysis session,2026-08-29 07:45:14,Ward D1 (Oncology),ward c1 (cardiology),Routine,Radiology Tech,P06,2026-08-29 07:54:58,2026-08-29 07:55:46,2026-08-29 08:01:19,90,Completed,
REQ00629,PT7408,Emergency Medicine,Discharge transport,2026-08-24 01:53:34,Discharge Lounge,Ward C1 (Cardiology),Emergency,Ward Sister,,,,,10,Missed,No porter reached / call not picked up
REQ00181,PT2493,Radiology,Diagnostic imaging,2026-08-27 18:19:50,Radiology - MRI,OT Complex - Theatre 3,Routine,Radiology Tech,P07,2026-08-27 18:32:48,2026-08-27 18:36:31,2026-08-27 18:44:38,90,Completed,
REQ00341,PT9261,Oncology,Ward-to-ward transfer,2026-08-25 19:57:00,Radiology - X-Ray,Ward A2 (General Surgery),Emergency,Staff Nurse,P07,2026-08-25 19:58:16,2026-08-25 20:02:17,2026-08-25 20:13:26,10,Delayed,Lift / corridor congestion
REQ00086,PT5687,Radiology,Post-op transfer to Recovery/Ward,2026-08-26 13:52:34,OT Complex - Theatre 2,ICU,Emergency,OT Coordinator,P01,2026-08-26 14:04:34,2026-08-26 14:08:15,2026-08-26 14:16:25,10,Delayed,Ward could not release patient on time
REQ00300,PT6434,General Surgery,Post-op transfer to Recovery/Ward,2026-08-29 05:33:19,Dialysis Unit,Emergency Department,Routine,OT Coordinator,,,,,90,Missed,No porter reached / call not picked up
REQ00320,PT3740,Radiology,Ward-to-ward transfer,2026-08-27 16:26:49,Radiology - MRI,Ward D2 (Oncology),Routine,Ward Sister,P06,2026-08-27 16:30:37,2026-08-27 16:34:24,2026-08-27 16:44:37,90,Completed,
REQ00610,PT9249,Orthopedics,Dialysis session,2026-08-29 08:48:41,Ward B1 (Orthopedics),Ward B2 (Orthopedics),Routine,Radiology Tech,P07,2026-08-29 08:49:40,2026-08-29 08:50:28,2026-08-29 08:55:26,90,Completed,
REQ00016,PT2697,Emergency Medicine,Diagnostic imaging,2026-08-29 10:51:41,OT Complex - Theatre 3,Ward A1 (General Surgery),Routine,Ward Sister,P05,2026-08-29 11:13:34,2026-08-29 11:19:03,2026-08-29 11:31:55,90,Completed,
REQ00240,PT5157,Emergency Medicine,ICU transfer,2026-08-25 11:50:35,OT Complex - Theatre 2,Ward C2 (Cardiology),Urgent,OT Coordinator,P06,2026-08-25 11:54:50,2026-08-25 11:59:09,2026-08-25 12:07:39,30,Completed,
REQ00232,PT9465,Nephrology,Pre-op transfer to OT,2026-08-28 13:11:24,Radiology - MRI,Radiology - CT,Routine,OT Coordinator,P07,2026-08-28 13:21:33,2026-08-28 13:23:18,2026-08-28 13:29:42,90,Completed,
REQ00162,PT1130,Emergency Medicine,ICU transfer,2026-08-27 06:29:55,NICU,Emergency Department,Urgent,OT Coordinator,,,,,30,Missed,No porter reached / call not picked up
REQ00150,PT1793,Radiology,Discharge transport,2026-08-26 10:36:08,Dialysis Unit,OT Complex - Theatre 2,Routine,Staff Nurse,,,,,90,Missed,No porter reached / call not picked up
REQ00445,PT9633,Radiology,Post-op transfer to Recovery/Ward,2026-08-26 20:19:29,Ward D2 (Oncology),Radiology - MRI,Routine,Radiology Tech,P07,2026-08-26 20:29:04,2026-08-26 20:32:04,2026-08-26 20:43:21,90,Completed,
REQ00608-DUP,PT7084,Orthopedics,Diagnostic imaging,2026-08-26 07:35:28,Ward B2 (Orthopedics),Recovery / PACU,Emergency,Duty Doctor,P02,2026-08-26 07:45:05,2026-08-26 07:49:15,2026-08-26 07:56:31,10,Delayed,Ward could not release patient on time
REQ00272,PT7090,Cardiology,Discharge transport,2026-08-28 12:22:57,Emergency Department,Dialysis Unit,Routine,Duty Doctor,P07,2026-08-28 12:32:11,2026-08-28 12:34:43,2026-08-28 12:40:56,90,Completed,
REQ00520-DUP,PT7479,Cardiology,Post-op transfer to Recovery/Ward,2026-08-30 15:41:35,unknown / see nursing station,OT Complex - Theatre 2,Urgent,Ward Sister,P08,2026-08-30 15:38:35,2026-08-30 15:42:55,2026-08-30 15:56:39,30,Completed,
REQ00043,PT8708,Nephrology,Post-op transfer to Recovery/Ward,2026-08-30 18:37:01,ICU,Discharge Lounge,Emergency,Radiology Tech,P08,2026-08-30 18:48:17,2026-08-30 18:51:14,2026-08-30 18:57:13,10,Delayed,Porter shift change during transfer
REQ00499,PT6655,Oncology,Post-op transfer to Recovery/Ward,2026-08-26 14:57:03,Ward C2 (Cardiology),Radiology - CT,Routine,Radiology Tech,P07,2026-08-26 15:01:56,2026-08-26 15:05:12,2026-08-26 15:16:29,90,Completed,
REQ00288,PT9027,Oncology,Discharge transport,2026-08-27 09:42:12,Ward D1 (Oncology),Ward B1 (Orthopedics),Urgent,OT Coordinator,P08,2026-08-27 09:53:11,2026-08-27 09:56:01,2026-08-27 10:02:55,30,Completed,
REQ00250,PT7099,Orthopedics,ICU transfer,2026-08-26 12:39:21,Radiology - CT,unknown / see nursing station,Routine,OT Coordinator,P07,2026-08-26 12:42:08,2026-08-26 12:45:14,2026-08-26 12:55:08,90,Completed,
REQ00324,PT5150,Radiology,Post-op transfer to Recovery/Ward,2026-08-30 14:24:42,Dialysis Unit,Ward C2 (Cardiology),Routine,OT Coordinator,P08,2026-08-30 14:33:55,2026-08-30 14:34:57,2026-08-30 14:39:50,90,Completed,
REQ00454,PT8778,Oncology,Post-op transfer to Recovery/Ward,2026-08-28 14:25:24,Ward D1 (Oncology),Radiology - X-Ray,,Staff Nurse,P06,2026-08-28 14:25:24,2026-08-28 14:27:48,2026-08-28 14:34:29,10,Completed,
REQ00447,PT6272,Oncology,Post-op transfer to Recovery/Ward,2026-08-24 08:24:48,ot complex - theatre 3,Radiology - CT,Routine,OT Coordinator,P08,2026-08-24 08:31:17,2026-08-24 08:32:35,2026-08-24 08:38:16,90,Completed,
REQ00339,PT5597,Emergency Medicine,Pre-op transfer to OT,2026-08-25 15:17:12,Emergency Department,Ward C1 (Cardiology),Emergency,Ward Sister,P02,2026-08-25 15:29:09,2026-08-25 15:30:39,2026-08-25 15:37:45,10,Delayed,Multiple concurrent emergencies diverted porter
REQ00017,PT5533,Oncology,Discharge transport,2026-08-29 18:32:31,ICU,Ward A2 (General Surgery),Emergency,Staff Nurse,P01,2026-08-29 18:38:55,2026-08-29 18:42:29,2026-08-29 18:53:01,10,Delayed,Handover receiving unit unavailable
REQ00207,PT3709,Nephrology,ICU transfer,2026-08-28 05:41:59,Ward C2 (Cardiology),Recovery / PACU,Routine,Staff Nurse,,,,,90,Missed,No porter reached / call not picked up
REQ00131,PT7227,Emergency Medicine,Ward-to-ward transfer,2026-08-27 13:22:35,Radiology - MRI,OT Complex - Theatre 1,Urgent,Staff Nurse,P05,2026-08-27 13:33:24,2026-08-27 13:34:23,2026-08-27 13:40:53,30,Completed,
REQ00380,PT3302,Nephrology,Ward-to-ward transfer,2026-08-24 19:26:57,Radiology - CT,Ward B1 (Orthopedics),Urgent,Ward Sister,P02,2026-08-24 19:26:57,2026-08-24 19:30:17,2026-08-24 19:38:18,30,Completed,
REQ00345,PT6250,Nephrology,Post-op transfer to Recovery/Ward,2026-08-25 13:41:30,Dialysis Unit,Ward D1 (Oncology),Routine,OT Coordinator,P05,2026-08-25 13:43:12,2026-08-25 13:44:23,2026-08-25 13:51:58,90,Completed,
REQ00088,PT6776,Radiology,Discharge transport,2026-08-28 16:10:44,OT Complex - Theatre 1,Radiology - CT,Urgent,Radiology Tech,P07,2026-08-28 16:11:57,2026-08-28 16:13:49,2026-08-28 16:26:07,30,Completed,
REQ00358,PT2258,Emergency Medicine,Ward-to-ward transfer,2026-08-25 05:23:26,Radiology - CT,Ward A2 (General Surgery),Urgent,Radiology Tech,,,,,30,Missed,No porter reached / call not picked up
REQ00273,PT9480,Emergency Medicine,Pre-op transfer to OT,2026-08-26 21:28:25,ward a1,Ward B1 (Orthopedics),Routine,Ward Sister,,,,,90,Missed,No porter reached / call not picked up
REQ00108,PT7504,Orthopedics,Pre-op transfer to OT,2026-08-29 18:02:58,ward c2 (cardiology),OT Complex - Theatre 1,Routine,Duty Doctor,P03,2026-08-29 18:09:46,2026-08-29 18:15:51,2026-08-29 18:27:00,90,Completed,
REQ00256,PT8260,Radiology,Diagnostic imaging,2026-08-24 09:09:05,Radiology - MRI,NICU,Urgent,Ward Sister,,,,,30,Missed,No porter reached / call not picked up
REQ00626,PT7212,General Surgery,Discharge transport,2026-08-28 14:08:38,Recovery / PACU,Ward A1 (General Surgery),Routine,Staff Nurse,P06,2026-08-28 14:22:22,2026-08-28 14:28:44,2026-08-28 14:40:30,90,Completed,
REQ00078,PT3147,Nephrology,Dialysis session,2026-08-28 17:53:47,OT Complex - Theatre 3,Ward A2 (General Surgery),Routine,Radiology Tech,P07,2026-08-28 18:10:21,2026-08-28 18:15:50,2026-08-28 18:29:06,90,Completed,
REQ00619,PT3067,Oncology,Dialysis session,2026-08-30 17:23:13,unknown / see nursing station,Discharge Lounge,Urgent,Duty Doctor,P05,2026-08-30 17:39:30,2026-08-30 17:42:04,2026-08-30 17:50:49,30,Completed,
REQ00178,PT1547,General Surgery,Discharge transport,2026-08-24 18:50:55,Dialysis Unit,Ward D2 (Oncology),Urgent,OT Coordinator,,,,,30,Missed,No porter reached / call not picked up
REQ00647,PT2514,Oncology,Diagnostic imaging,2026-08-30 08:56:12,ward c2 (cardiology),Emergency Department,Urgent,Duty Doctor,P06,2026-08-30 08:59:18,2026-08-30 09:01:09,2026-08-30 09:06:33,30,Completed,
REQ00175,PT6846,Emergency Medicine,Ward-to-ward transfer,2026-08-27 17:31:41,Emergency Department,Ward C2 (Cardiology),Routine,Ward Sister,,,,,90,Missed,No porter reached / call not picked up
REQ00176,PT2705,Emergency Medicine,Post-op transfer to Recovery/Ward,2026-08-30 21:02:11,Discharge Lounge,Emergency Department,Routine,Duty Doctor,,,,,90,Missed,No porter reached / call not picked up
REQ00007,PT5889,Emergency Medicine,Pre-op transfer to OT,2026-08-25 12:46:56,ICU,Recovery / PACU,Routine,Radiology Tech,P04,2026-08-25 13:00:45,2026-08-25 13:05:04,,90,Cancelled,Patient condition changed
REQ00286,PT5485,Nephrology,Ward-to-ward transfer,2026-08-24 16:56:26,Radiology - X-Ray,NICU,Urgent,Ward Sister,P04,2026-08-24 17:06:19,2026-08-24 17:08:55,2026-08-24 17:17:36,30,Completed,
REQ00244,PT1076,Oncology,Dialysis session,2026-08-26 21:17:14,Discharge Lounge,Ward D1 (Oncology),Routine,OT Coordinator,,,,,90,Missed,No porter reached / call not picked up
REQ00200,PT8772,Emergency Medicine,Diagnostic imaging,2026-08-30 02:44:07,Radiology - X-Ray,OT Complex - Theatre 2,Urgent,Ward Sister,,,,,30,Missed,No porter reached / call not picked up
REQ00278,PT9589,Emergency Medicine,Ward-to-ward transfer,2026-08-25 12:12:31,unknown / see nursing station,Discharge Lounge,Urgent,Ward Sister,P04,2026-08-25 12:22:21,2026-08-25 12:27:48,2026-08-25 12:41:29,30,Completed,
REQ00169,PT7471,Emergency Medicine,ICU transfer,2026-08-30 18:21:07,ward a2 (general surgery),OT Complex - Theatre 2,Emergency,Duty Doctor,P01,2026-08-30 18:24:25,2026-08-30 18:30:11,2026-08-30 18:40:11,10,Delayed,Equipment (wheelchair/trolley) unavailable
REQ00518,PT7047,Radiology,Dialysis session,2026-08-25 22:13:34,Ward B2 (Orthopedics),Ward A1 (General Surgery),Routine,OT Coordinator,,,,,90,Missed,No porter reached / call not picked up
REQ00402,PT8817,Orthopedics,Ward-to-ward transfer,2026-08-29 07:34:01,Ward A1 (General Surgery),Radiology - X-Ray,Emergency,Duty Doctor,P07,2026-08-29 07:36:38,2026-08-29 07:42:14,2026-08-29 07:51:39,10,Delayed,Equipment (wheelchair/trolley) unavailable
REQ00216,PT6122,Oncology,ICU transfer,2026-08-25 13:50:51,NICU,Ward A2 (General Surgery),Routine,Radiology Tech,P01,2026-08-25 13:56:16,2026-08-25 14:00:05,2026-08-25 14:09:55,90,Completed,
REQ00302,PT4116,Emergency Medicine,Post-op transfer to Recovery/Ward,2026-08-30 08:05:28,OT Complex - Theatre 3,Ward A1 (General Surgery),Routine,OT Coordinator,P08,2026-08-30 08:20:01,2026-08-30 08:25:07,2026-08-30 08:34:20,90,Completed,
REQ00609,PT1418,Cardiology,Post-op transfer to Recovery/Ward,2026-08-26 12:18:39,Ward A1 (General Surgery),Ward D1 (Oncology),,Staff Nurse,P04,2026-08-26 12:29:12,2026-08-26 12:30:30,2026-08-26 12:36:56,30,Completed,
REQ00583,PT3535,Radiology,Ward-to-ward transfer,2026-08-29 08:09:35,OT Complex - Theatre 2,Ward C1 (Cardiology),Urgent,OT Coordinator,P05,2026-08-29 08:14:52,2026-08-29 08:17:13,2026-08-29 08:25:43,30,Completed,
REQ00365,PT9088,General Surgery,Diagnostic imaging,2026-08-28 07:48:23,NICU,Dialysis Unit,Routine,Staff Nurse,P07,2026-08-28 07:54:40,2026-08-28 07:57:56,2026-08-28 08:04:45,90,Completed,
REQ00506,PT8185,Cardiology,Pre-op transfer to OT,2026-08-27 11:19:23,Radiology - X-Ray,Ward C2 (Cardiology),Routine,Duty Doctor,,,,,90,Missed,No porter reached / call not picked up
REQ00148,PT5055,Radiology,Diagnostic imaging,2026-08-27 20:17:55,,Ward C2 (Cardiology),Urgent,Duty Doctor,P08,2026-08-27 20:19:22,2026-08-27 20:21:17,2026-08-27 20:30:21,30,Completed,
REQ00314,PT8155,Oncology,Ward-to-ward transfer,2026-08-30 15:08:00,Ward B1 (Orthopedics),Ward A1 (General Surgery),Urgent,Ward Sister,P02,2026-08-30 15:10:11,2026-08-30 15:12:20,2026-08-30 15:22:18,30,Completed,
REQ00033,PT8018,Cardiology,Dialysis session,2026-08-30 10:43:38,Ward B2 (Orthopedics),Discharge Lounge,Routine,OT Coordinator,P02,2026-08-30 10:46:09,2026-08-30 10:47:19,2026-08-30 10:55:15,90,Completed,
REQ00426,PT7308,Nephrology,Dialysis session,2026-08-24 08:48:38,Dialysis Unit,Ward D2 (Oncology),Routine,Staff Nurse,P05,2026-08-24 08:59:14,2026-08-24 09:01:16,2026-08-24 09:09:09,90,Completed,
REQ00167,PT6828,Radiology,Post-op transfer to Recovery/Ward,2026-08-30 16:38:02,Ward D1 (Oncology),Radiology - CT,Urgent,Duty Doctor,P01,2026-08-30 16:43:58,2026-08-30 16:46:37,2026-08-30 16:55:05,30,Completed,
REQ00364,PT2758,Orthopedics,ICU transfer,2026-08-24 20:58:32,OT Complex - Theatre 2,Radiology - CT,Routine,Ward Sister,P06,2026-08-24 21:06:54,2026-08-24 21:09:56,2026-08-24 21:18:14,90,Completed,
REQ00411,PT5698,Oncology,Diagnostic imaging,2026-08-24 18:28:26,Ward A1 (General Surgery),ICU,Routine,Radiology Tech,P03,2026-08-24 18:41:24,2026-08-24 18:45:00,2026-08-24 18:54:27,90,Completed,
REQ00116,PT1056,Radiology,Post-op transfer to Recovery/Ward,2026-08-29 18:07:11,Recovery / PACU,Radiology - MRI,Routine,Staff Nurse,P05,2026-08-29 18:07:11,2026-08-29 18:08:08,2026-08-29 18:14:18,90,Completed,
REQ00114,PT1356,Cardiology,Ward-to-ward transfer,2026-08-28 11:36:03,Recovery / PACU,,Routine,Duty Doctor,P05,2026-08-28 11:47:17,2026-08-28 11:49:01,2026-08-28 11:52:37,90,Completed,
REQ00541,PT7503,Radiology,Pre-op transfer to OT,2026-08-27 15:57:52,OT Complex - Theatre 1,Ward B2 (Orthopedics),Emergency,Duty Doctor,P04,2026-08-27 16:04:04,2026-08-27 16:09:27,2026-08-27 16:20:00,10,Delayed,Handover receiving unit unavailable
REQ00163,PT4817,Oncology,Pre-op transfer to OT,2026-08-27 23:49:12,Recovery / PACU,Ward D2 (Oncology),Urgent,Radiology Tech,,,,,30,Missed,No porter reached / call not picked up
REQ00633,PT6272,Radiology,Post-op transfer to Recovery/Ward,2026-08-29 09:35:50,OT Complex - Theatre 2,Dialysis Unit,Routine,Duty Doctor,P08,2026-08-29 09:35:50,2026-08-29 09:39:53,2026-08-29 09:50:47,90,Completed,
REQ00307,PT8625,Cardiology,Ward-to-ward transfer,2026-08-30 16:36:08,Ward B1 (Orthopedics),OT Complex - Theatre 2,Emergency,Duty Doctor,P04,2026-08-30 16:47:17,2026-08-30 16:52:21,2026-08-30 17:05:09,10,Delayed,Multiple concurrent emergencies diverted porter
REQ00237,PT9835,Radiology,Post-op transfer to Recovery/Ward,2026-08-28 04:50:34,ot complex - theatre 3,Ward B2 (Orthopedics),Emergency,Staff Nurse,,,,,10,Missed,No porter reached / call not picked up
REQ00632,PT9084,General Surgery,Discharge transport,2026-08-25 11:53:30,OT Complex - Theatre 3,Discharge Lounge,,OT Coordinator,P07,2026-08-25 11:53:30,2026-08-25 11:58:25,2026-08-25 12:11:29,90,Completed,
REQ00473,PT5043,Oncology,Ward-to-ward transfer,2026-08-28 16:40:44,Radiology - CT,Ward A2 (General Surgery),Routine,Ward Sister,P08,2026-08-28 16:59:27,2026-08-28 17:03:58,2026-08-28 17:12:42,90,Completed,
REQ00067,PT7878,Orthopedics,ICU transfer,2026-08-29 11:09:47,Ward A1 (General Surgery),Ward B2 (Orthopedics),Routine,Duty Doctor,P06,2026-08-29 11:20:37,2026-08-29 11:22:24,2026-08-29 11:26:55,90,Completed,
REQ00337,PT3589,Emergency Medicine,Post-op transfer to Recovery/Ward,2026-08-28 17:48:29,Ward A2 (General Surgery),Ward C1 (Cardiology),Routine,Staff Nurse,P08,2026-08-28 17:54:11,2026-08-28 17:56:21,2026-08-28 18:03:49,90,Completed,
REQ00213,PT6143,Radiology,Dialysis session,2026-08-26 12:08:08,Radiology - X-Ray,Recovery / PACU,Urgent,Radiology Tech,P04,2026-08-26 12:18:40,2026-08-26 12:21:56,2026-08-26 12:30:23,30,Completed,
REQ00401,PT8371,Oncology,Discharge transport,2026-08-27 05:26:56,,Radiology - CT,Routine,Radiology Tech,,,,,90,Missed,No porter reached / call not picked up
REQ00010,PT3167,Orthopedics,Dialysis session,2026-08-24 18:04:32,Ward D2 (Oncology),NICU,Routine,Radiology Tech,P08,2026-08-24 18:19:20,2026-08-24 18:21:34,2026-08-24 18:31:11,90,Completed,
REQ00107,PT3587,Orthopedics,Pre-op transfer to OT,2026-08-24 07:21:45,unknown / see nursing station,Ward B2 (Orthopedics),Routine,Duty Doctor,P08,2026-08-24 07:25:47,2026-08-24 07:31:03,2026-08-24 07:44:41,90,Completed,
REQ00592-DUP,PT8761,Orthopedics,Dialysis session,2026-08-25 15:59:46,OT Complex - Theatre 3,OT Complex - Theatre 2,Urgent,Radiology Tech,P06,2026-08-25 16:17:14,2026-08-25 16:18:02,2026-08-25 16:26:36,30,Completed,
REQ00003,PT7227,Nephrology,Pre-op transfer to OT,2026-08-29 06:42:14,NICU,Ward B1 (Orthopedics),Routine,OT Coordinator,,,,,90,Missed,No porter reached / call not picked up
REQ00140,PT7985,Orthopedics,Diagnostic imaging,2026-08-29 17:59:47,Ward D2 (Oncology),Recovery / PACU,Urgent,Duty Doctor,P04,2026-08-29 18:02:48,2026-08-29 18:07:20,2026-08-29 18:15:27,30,Completed,
REQ00146,PT4882,General Surgery,Discharge transport,2026-08-30 23:28:16,Radiology - CT,Ward B1 (Orthopedics),Urgent,Ward Sister,,,,,30,Missed,No porter reached / call not picked up
REQ00600,PT9870,Cardiology,Ward-to-ward transfer,2026-08-30 14:55:41,Ward D2 (Oncology),Recovery / PACU,Routine,Radiology Tech,P02,2026-08-30 15:03:59,2026-08-30 15:09:48,2026-08-30 15:23:58,90,Completed,
REQ00437-DUP,PT8184,General Surgery,Discharge transport,2026-08-25 21:55:03,Emergency Department,Recovery / PACU,Routine,Staff Nurse,,,,,90,Missed,No porter reached / call not picked up
REQ00205,PT6875,Oncology,Discharge transport,2026-08-27 19:30:51,Dialysis Unit,OT Complex - Theatre 1,Urgent,Radiology Tech,P01,2026-08-27 19:46:52,2026-08-27 19:49:49,2026-08-27 19:57:38,30,Completed,
REQ00603,PT4547,Cardiology,Discharge transport,2026-08-30 10:01:58,Discharge Lounge,Emergency Department,Routine,Staff Nurse,P06,2026-08-30 10:08:41,2026-08-30 10:10:47,2026-08-30 10:20:15,90,Completed,
REQ00024,PT2530,Emergency Medicine,Diagnostic imaging,2026-08-30 16:42:05,NICU,Recovery / PACU,Routine,Ward Sister,,,,,90,Missed,No porter reached / call not picked up
REQ00558,PT5451,Oncology,ICU transfer,2026-08-30 16:19:10,Ward D1 (Oncology),,Urgent,OT Coordinator,P02,2026-08-30 16:25:01,2026-08-30 16:28:34,2026-08-30 16:36:33,30,Completed,
REQ00257,PT3900,Radiology,Dialysis session,2026-08-27 21:34:59,ICU,Dialysis Unit,Urgent,Radiology Tech,,,,,30,Missed,No porter reached / call not picked up
REQ00608,PT7084,Orthopedics,Diagnostic imaging,2026-08-26 07:32:28,Ward B2 (Orthopedics),Recovery / PACU,Emergency,Duty Doctor,P02,2026-08-26 07:45:05,2026-08-26 07:49:15,2026-08-26 07:56:31,10,Delayed,Ward could not release patient on time
REQ00621,PT1583,Radiology,Discharge transport,2026-08-24 20:50:33,Emergency Department,Ward D1 (Oncology),Routine,Staff Nurse,P04,2026-08-24 21:02:21,2026-08-24 21:05:08,2026-08-24 21:16:07,90,Completed,
REQ00399,PT2375,Radiology,Dialysis session,2026-08-27 15:41:43,Ward C1 (Cardiology),OT Complex - Theatre 3,Routine,OT Coordinator,P08,2026-08-27 15:41:43,2026-08-27 15:46:35,2026-08-27 15:56:45,90,Completed,
REQ00496,PT7255,Cardiology,Diagnostic imaging,2026-08-28 11:08:46,,Radiology - X-Ray,Emergency,Ward Sister,P07,2026-08-28 11:17:13,2026-08-28 11:19:34,2026-08-28 11:28:24,10,Delayed,Lift / corridor congestion
REQ00459,PT2723,Cardiology,Pre-op transfer to OT,2026-08-29 19:58:31,Radiology - X-Ray,Dialysis Unit,Urgent,Radiology Tech,,,,,30,Missed,No porter reached / call not picked up
REQ00500,PT6799,Orthopedics,ICU transfer,2026-08-29 15:23:45,Ward D2 (Oncology),OT Complex - Theatre 1,Routine,Duty Doctor,P05,2026-08-29 15:32:10,2026-08-29 15:36:14,2026-08-29 15:48:25,90,Completed,
REQ00224,PT9941,Oncology,Discharge transport,2026-08-30 15:30:10,recovery,Ward D2 (Oncology),Urgent,OT Coordinator,P03,2026-08-30 15:47:00,2026-08-30 15:50:42,2026-08-30 16:04:15,30,Delayed,Patient not ready (prep incomplete)
REQ00390,PT1853,Emergency Medicine,Pre-op transfer to OT,2026-08-29 09:24:45,Radiology - X-Ray,ICU,Emergency,OT Coordinator,P04,2026-08-29 09:26:39,2026-08-29 09:28:07,2026-08-29 09:34:39,10,Completed,
REQ00111,PT2017,Radiology,Post-op transfer to Recovery/Ward,2026-08-26 10:46:36,Ward A1 (General Surgery),NICU,Routine,Staff Nurse,P08,2026-08-26 10:52:27,2026-08-26 10:56:25,2026-08-26 11:03:22,90,Completed,
REQ00243,PT7544,General Surgery,Diagnostic imaging,2026-08-28 08:02:23,Ward D2 (Oncology),Ward A1 (General Surgery),Routine,OT Coordinator,P07,2026-08-28 08:07:03,2026-08-28 08:09:33,2026-08-28 08:20:24,90,Completed,
REQ00294,PT5889,Radiology,Dialysis session,2026-08-25 08:41:22,Ward A2 (General Surgery),Ward C2 (Cardiology),Routine,OT Coordinator,P02,2026-08-25 08:48:57,2026-08-25 08:51:56,2026-08-25 09:01:04,90,Completed,
REQ00192,PT7620,Nephrology,Discharge transport,2026-08-26 08:33:48,Ward D2 (Oncology),Ward A2 (General Surgery),,OT Coordinator,P03,2026-08-26 08:48:47,2026-08-26 08:50:46,2026-08-26 08:54:53,90,Completed,
REQ00026,PT9702,Oncology,Ward-to-ward transfer,2026-08-24 14:58:54,Ward B2 (Orthopedics),OT Complex - Theatre 2,Urgent,Radiology Tech,P06,2026-08-24 14:58:54,2026-08-24 15:05:42,2026-08-24 15:18:36,30,Completed,
REQ00631,PT8811,Oncology,Diagnostic imaging,2026-08-29 07:14:36,Ward A1 (General Surgery),Radiology - X-Ray,Routine,Radiology Tech,P02,2026-08-29 07:19:14,2026-08-29 07:22:52,2026-08-29 07:34:19,90,Completed,
REQ00623,PT6851,Radiology,ICU transfer,2026-08-25 19:53:14,NICU,OT Complex - Theatre 3,Routine,Radiology Tech,P08,2026-08-25 20:00:02,2026-08-25 20:03:47,2026-08-25 20:17:32,90,Completed,
REQ00494,PT6956,Emergency Medicine,Diagnostic imaging,2026-08-25 06:16:54,Ward A2 (General Surgery),ward b2 (orthopedics),Routine,Radiology Tech,,,,,90,Missed,No porter reached / call not picked up
REQ00449,PT3942,Oncology,Pre-op transfer to OT,2026-08-27 12:27:26,,OT Complex - Theatre 3,Urgent,Duty Doctor,P04,2026-08-27 12:35:11,2026-08-27 12:37:42,2026-08-27 12:46:51,30,Completed,
REQ00438,PT2668,Oncology,Pre-op transfer to OT,2026-08-25 06:51:28,unknown / see nursing station,Emergency Department,Routine,Staff Nurse,,,,,90,Missed,No porter reached / call not picked up
REQ00277,PT3425,Nephrology,ICU transfer,2026-08-27 16:36:32,Ward B1 (Orthopedics),ICU,Urgent,Ward Sister,,,,,30,Missed,No porter reached / call not picked up
REQ00264,PT4866,Orthopedics,Pre-op transfer to OT,2026-08-26 12:19:12,Radiology - CT,Ward A2 (General Surgery),Routine,Duty Doctor,P06,2026-08-26 12:32:06,2026-08-26 12:37:43,2026-08-26 12:50:28,90,Completed,
REQ00316,PT5578,Nephrology,Discharge transport,2026-08-24 14:44:05,Ward C1 (Cardiology),Recovery / PACU,Routine,Duty Doctor,P02,2026-08-24 14:52:00,2026-08-24 14:55:07,2026-08-24 15:03:23,90,Completed,
REQ00156,PT1273,Nephrology,Pre-op transfer to OT,2026-08-28 11:34:43,Ward C2 (Cardiology),OT Complex - Theatre 3,Routine,Radiology Tech,P02,2026-08-28 11:40:57,2026-08-28 11:45:42,2026-08-28 11:56:58,90,Completed,
REQ00134,PT7483,Cardiology,Pre-op transfer to OT,2026-08-29 15:38:39,Ward D1 (Oncology),OT Complex - Theatre 2,Emergency,OT Coordinator,P07,2026-08-29 15:49:31,2026-08-29 15:53:58,2026-08-29 16:02:56,10,Delayed,Multiple concurrent emergencies diverted porter
REQ00293,PT4897,Emergency Medicine,ICU transfer,2026-08-30 09:29:31,OT Complex - Theatre 2,Dialysis Unit,Routine,Ward Sister,P08,2026-08-30 09:31:18,2026-08-30 09:35:45,2026-08-30 09:46:14,90,Completed,
REQ00636,PT4074,General Surgery,Diagnostic imaging,2026-08-30 12:20:26,Ward C2 (Cardiology),Ward C1 (Cardiology),Routine,Ward Sister,,,,,90,Missed,No porter reached / call not picked up
REQ00407,PT6902,Radiology,Ward-to-ward transfer,2026-08-25 19:46:45,Radiology - MRI,OT Complex - Theatre 1,Routine,Duty Doctor,P03,2026-08-25 19:51:13,2026-08-25 19:52:58,2026-08-25 19:59:34,90,Completed,
REQ00060,PT4394,Nephrology,Dialysis session,2026-08-26 09:08:50,Dialysis Unit,Ward D1 (Oncology),Emergency,Radiology Tech,P04,2026-08-26 09:13:18,2026-08-26 09:14:44,2026-08-26 09:19:31,10,Delayed,Porter occupied with another transfer
REQ00222,PT1620,Radiology,Diagnostic imaging,2026-08-29 17:41:52,Ward B1 (Orthopedics),Ward C2 (Cardiology),Emergency,Staff Nurse,P02,2026-08-29 17:46:50,2026-08-29 17:50:23,2026-08-29 18:00:53,10,Delayed,Lift / corridor congestion
REQ00429,PT3288,Radiology,Pre-op transfer to OT,2026-08-24 08:34:36,Ward B1 (Orthopedics),Emergency Department,Emergency,Radiology Tech,P05,2026-08-24 08:45:34,2026-08-24 08:48:23,2026-08-24 08:53:37,10,Delayed,Patient not ready (prep incomplete)
REQ00468,PT6269,Oncology,Dialysis session,2026-08-28 05:58:42,,ICU,Routine,Ward Sister,,,,,90,Missed,No porter reached / call not picked up
REQ00453,PT7608,Oncology,Ward-to-ward transfer,2026-08-24 13:42:53,Radiology - CT,Emergency Department,Urgent,Radiology Tech,P05,2026-08-24 13:50:17,2026-08-24 13:52:38,2026-08-24 14:01:09,30,Completed,
REQ00381,PT7388,Emergency Medicine,Ward-to-ward transfer,2026-08-27 19:15:38,,Radiology - CT,Urgent,Ward Sister,P07,2026-08-27 19:24:12,2026-08-27 19:28:46,2026-08-27 19:39:59,30,Completed,
REQ00630,PT5563,Oncology,Dialysis session,2026-08-29 14:24:18,Radiology - X-Ray,Ward B1 (Orthopedics),Urgent,Duty Doctor,P05,2026-08-29 14:26:08,2026-08-29 14:31:09,,30,Cancelled,Patient condition changed
REQ00370,PT8250,Nephrology,ICU transfer,2026-08-24 22:56:58,Ward B2 (Orthopedics),Radiology - X-Ray,Routine,Duty Doctor,,,,,90,Missed,No porter reached / call not picked up
REQ00575,PT4175,Radiology,Pre-op transfer to OT,2026-08-25 10:01:15,Dialysis Unit,Radiology - X-Ray,Urgent,Duty Doctor,P02,2026-08-25 10:21:14,2026-08-25 10:24:05,2026-08-25 10:30:30,30,Completed,
REQ00383,PT2999,Radiology,Diagnostic imaging,2026-08-30 15:16:35,unknown / see nursing station,NICU,Routine,Radiology Tech,P04,2026-08-30 15:28:18,2026-08-30 15:29:53,2026-08-30 15:37:56,90,Completed,
REQ00095,PT7825,Nephrology,Dialysis session,2026-08-24 05:41:49,Dialysis Unit,ICU,Routine,Radiology Tech,,,,,90,Missed,No porter reached / call not picked up
REQ00571,PT4335,Orthopedics,Discharge transport,2026-08-29 11:25:06,Ward D2 (Oncology),NICU,Routine,OT Coordinator,P05,2026-08-29 11:31:44,2026-08-29 11:33:18,2026-08-29 11:40:56,90,Completed,
REQ00206,PT6542,Orthopedics,Ward-to-ward transfer,2026-08-29 10:45:55,OT Complex - Theatre 3,Discharge Lounge,Routine,Radiology Tech,P02,2026-08-29 10:45:55,2026-08-29 10:49:56,2026-08-29 11:01:17,90,Completed,
REQ00604,PT5261,Nephrology,Dialysis session,2026-08-29 10:34:29,Radiology - X-Ray,Discharge Lounge,Routine,Ward Sister,P07,2026-08-29 10:34:39,2026-08-29 10:36:23,2026-08-29 10:44:17,90,Completed,
REQ00596,PT1583,General Surgery,Pre-op transfer to OT,2026-08-28 20:56:35,OT Complex - Theatre 2,ward c1 (cardiology),Urgent,Duty Doctor,P04,2026-08-28 20:59:17,2026-08-28 21:02:59,2026-08-28 21:10:49,30,Completed,
REQ00650,PT4990,Oncology,Discharge transport,2026-08-27 17:29:37,Dialysis Unit,Radiology - X-Ray,Routine,OT Coordinator,P06,2026-08-27 17:48:42,2026-08-27 17:51:09,2026-08-27 17:57:29,90,Completed,
REQ00638,PT5542,Oncology,Diagnostic imaging,2026-08-25 09:06:08,OT Complex - Theatre 3,Discharge Lounge,Routine,Radiology Tech,P08,2026-08-25 09:11:02,2026-08-25 09:16:15,2026-08-25 09:28:13,90,Completed,
REQ00173,PT2478,Oncology,Pre-op transfer to OT,2026-08-25 18:51:56,OT Complex - Theatre 2,Dialysis Unit,Urgent,Staff Nurse,P04,2026-08-25 18:58:58,2026-08-25 19:03:04,2026-08-25 19:11:26,30,Completed,
REQ00538,PT8548,Radiology,Discharge transport,2026-08-25 06:36:23,Radiology - CT,Ward B1 (Orthopedics),Emergency,OT Coordinator,,,,,10,Missed,No porter reached / call not picked up
REQ00372,PT1440,Radiology,Dialysis session,2026-08-26 06:37:02,Ward C1 (Cardiology),,Urgent,OT Coordinator,,,,,30,Missed,No porter reached / call not picked up
REQ00263,PT9538,Nephrology,Pre-op transfer to OT,2026-08-30 21:15:47,ward a2 (general surgery),Ward D2 (Oncology),Routine,Ward Sister,,,,,90,Missed,No porter reached / call not picked up
REQ00196,PT1950,Orthopedics,Diagnostic imaging,2026-08-26 18:11:49,Ward B1 (Orthopedics),unknown / see nursing station,Urgent,Staff Nurse,P08,2026-08-26 18:22:51,2026-08-26 18:27:51,2026-08-26 18:42:42,30,Delayed,Lift / corridor congestion
REQ00533,PT2776,Orthopedics,Diagnostic imaging,2026-08-29 11:24:10,Ward A2 (General Surgery),radiology - mri,Routine,Staff Nurse,P02,2026-08-29 11:25:23,2026-08-29 11:30:38,2026-08-29 11:41:46,90,Completed,
REQ00452,PT4077,Cardiology,Discharge transport,2026-08-28 17:48:29,OT Complex - Theatre 1,Emergency Department,Routine,Duty Doctor,P07,2026-08-28 17:52:52,2026-08-28 17:56:17,2026-08-28 18:07:32,90,Completed,
REQ00416,PT5881,General Surgery,ICU transfer,2026-08-26 09:32:22,Ward B2 (Orthopedics),Ward A2 (General Surgery),Routine,Radiology Tech,P01,2026-08-26 09:37:55,2026-08-26 09:38:43,2026-08-26 09:45:34,90,Completed,
REQ00576,PT6624,Emergency Medicine,Ward-to-ward transfer,2026-08-26 11:26:17,NICU,Ward D1 (Oncology),Emergency,Radiology Tech,P02,2026-08-26 11:26:17,2026-08-26 11:27:40,2026-08-26 11:34:39,10,Completed,
REQ00615,PT8138,Radiology,ICU transfer,2026-08-24 23:02:04,Radiology - CT,OT Complex - Theatre 2,Routine,OT Coordinator,,,,,90,Missed,No porter reached / call not picked up
REQ00312,PT9362,Emergency Medicine,Pre-op transfer to OT,2026-08-30 19:19:58,radiology - x-ray,Radiology - CT,Routine,Duty Doctor,P03,2026-08-30 19:35:58,2026-08-30 19:37:21,2026-08-30 19:42:50,90,Completed,
REQ00076,PT3317,Emergency Medicine,Ward-to-ward transfer,2026-08-26 16:42:58,Discharge Lounge,Ward C1 (Cardiology),Urgent,OT Coordinator,P05,2026-08-26 16:49:11,2026-08-26 16:52:36,2026-08-26 17:01:06,30,Completed,
REQ00020,PT4728,Nephrology,Discharge transport,2026-08-30 04:30:14,Ward D1 (Oncology),OT Complex - Theatre 2,Urgent,Ward Sister,,,,,30,Missed,No porter reached / call not picked up
REQ00191,PT7131,General Surgery,Dialysis session,2026-08-27 09:29:19,OT Complex - Theatre 3,Radiology - MRI,Routine,Radiology Tech,P05,2026-08-27 09:36:27,2026-08-27 09:39:01,2026-08-27 09:52:21,90,Completed,
REQ00587,PT9405,Emergency Medicine,ICU transfer,2026-08-26 13:55:32,Ward D1 (Oncology),Radiology - MRI,Routine,Staff Nurse,P03,2026-08-26 14:00:25,2026-08-26 14:03:00,2026-08-26 14:10:31,90,Completed,
REQ00040,PT4929,General Surgery,Post-op transfer to Recovery/Ward,2026-08-28 06:47:06,Ward D1 (Oncology),Ward D2 (Oncology),,Ward Sister,,,,,30,Missed,No porter reached / call not picked up
REQ00021,PT3925,General Surgery,Diagnostic imaging,2026-08-29 13:43:53,Recovery / PACU,Emergency Department,Routine,Radiology Tech,P05,2026-08-29 13:59:44,2026-08-29 14:03:11,2026-08-29 14:10:23,90,Completed,
REQ00497,PT3514,Oncology,Discharge transport,2026-08-29 15:45:23,Dialysis Unit,OT Complex - Theatre 3,Routine,OT Coordinator,P07,2026-08-29 15:45:23,2026-08-29 15:51:00,2026-08-29 16:03:27,90,Completed,
REQ00595,PT2021,Radiology,Diagnostic imaging,2026-08-25 10:48:03,Ward C1 (Cardiology),Ward D2 (Oncology),Routine,Ward Sister,P08,2026-08-25 11:09:08,2026-08-25 11:11:11,2026-08-25 11:20:51,90,Completed,
REQ00269,PT7366,Radiology,Discharge transport,2026-08-30 03:06:31,,Ward B2 (Orthopedics),Emergency,Duty Doctor,,,,,10,Missed,No porter reached / call not picked up
REQ00421,PT6534,Emergency Medicine,ICU transfer,2026-08-28 10:55:02,Radiology - X-Ray,OT Complex - Theatre 3,Routine,Duty Doctor,P08,2026-08-28 11:08:47,2026-08-28 11:09:40,2026-08-28 11:15:45,90,Completed,
REQ00534,PT1735,Emergency Medicine,Dialysis session,2026-08-25 14:40:59,Ward A2 (General Surgery),ICU,Urgent,Radiology Tech,P08,2026-08-25 14:52:47,2026-08-25 14:56:39,,30,Cancelled,Patient condition changed
REQ00478,PT9520,Oncology,Dialysis session,2026-08-29 14:02:06,Ward D1 (Oncology),Recovery / PACU,Routine,OT Coordinator,P08,2026-08-29 14:10:54,2026-08-29 14:14:23,2026-08-29 14:23:55,90,Completed,
REQ00522,PT5385,Nephrology,Pre-op transfer to OT,2026-08-24 11:01:07,Ward A1 (General Surgery),Ward B1 (Orthopedics),Urgent,Ward Sister,P01,2026-08-24 11:22:15,2026-08-24 11:23:28,2026-08-24 11:29:03,30,Completed,
REQ00463,PT3750,General Surgery,Discharge transport,2026-08-26 17:43:42,Ward B1 (Orthopedics),ICU,Routine,Ward Sister,P01,2026-08-26 17:49:13,2026-08-26 17:52:37,2026-08-26 18:00:30,90,Completed,
REQ00423,PT1866,Emergency Medicine,Dialysis session,2026-08-28 15:41:35,Ward B1 (Orthopedics),Ward D2 (Oncology),Routine,Radiology Tech,P04,2026-08-28 15:49:36,2026-08-28 15:50:51,2026-08-28 15:59:39,90,Completed,
REQ00471,PT5640,Cardiology,ICU transfer,2026-08-26 14:09:35,Ward C2 (Cardiology),NICU,Urgent,Duty Doctor,P08,2026-08-26 14:20:30,2026-08-26 14:22:53,,30,Cancelled,Procedure postponed
REQ00537,PT9151,Emergency Medicine,Ward-to-ward transfer,2026-08-29 11:13:39,unknown / see nursing station,Ward B1 (Orthopedics),Routine,Staff Nurse,P01,2026-08-29 11:29:13,2026-08-29 11:31:41,2026-08-29 11:36:23,90,Completed,
REQ00317,PT8438,General Surgery,ICU transfer,2026-08-28 17:19:39,Ward A2 (General Surgery),Radiology - CT,Routine,Radiology Tech,P08,2026-08-28 17:22:50,2026-08-28 17:26:42,2026-08-28 17:33:31,90,Completed,
REQ00646,PT4130,Orthopedics,Diagnostic imaging,2026-08-30 01:40:23,OT Complex - Theatre 1,Ward B1 (Orthopedics),Routine,Ward Sister,,,,,90,Missed,No porter reached / call not picked up
REQ00235,PT8891,Emergency Medicine,ICU transfer,2026-08-29 02:46:46,NICU,Ward B1 (Orthopedics),Urgent,Ward Sister,,,,,30,Missed,No porter reached / call not picked up
REQ00570,PT5078,General Surgery,Ward-to-ward transfer,2026-08-28 09:38:31,OT Complex - Theatre 3,Radiology - X-Ray,Emergency,Staff Nurse,P04,2026-08-28 09:49:12,2026-08-28 09:52:41,2026-08-28 10:04:42,10,Delayed,Multiple concurrent emergencies diverted porter
REQ00171-DUP,PT5602,Orthopedics,Pre-op transfer to OT,2026-08-28 13:28:17,Ward C2 (Cardiology),Ward A1 (General Surgery),Urgent,Staff Nurse,P08,2026-08-28 13:24:17,2026-08-28 13:26:13,2026-08-28 13:38:33,30,Completed,
REQ00141,PT2025,Radiology,Discharge transport,2026-08-27 14:24:00,Ward D1 (Oncology),Ward D2 (Oncology),Urgent,Radiology Tech,P02,2026-08-27 14:34:16,2026-08-27 14:35:04,2026-08-27 14:39:23,30,Completed,
REQ00574,PT8935,Nephrology,Ward-to-ward transfer,2026-08-26 12:52:22,NICU,Radiology - CT,Routine,Staff Nurse,,,,,90,Missed,No porter reached / call not picked up
REQ00221,PT9814,General Surgery,Post-op transfer to Recovery/Ward,2026-08-28 12:02:18,Ward D1 (Oncology),Radiology - CT,Routine,Radiology Tech,P01,2026-08-28 12:07:24,2026-08-28 12:10:13,2026-08-28 12:17:28,90,Completed,
REQ00253,PT6818,Nephrology,Diagnostic imaging,2026-08-29 21:12:36,Dialysis Unit,Recovery / PACU,Urgent,OT Coordinator,,,,,30,Missed,No porter reached / call not picked up
REQ00325,PT6450,Oncology,ICU transfer,2026-08-30 10:10:49,Ward B1 (Orthopedics),NICU,Routine,Staff Nurse,P05,2026-08-30 10:23:20,2026-08-30 10:26:22,2026-08-30 10:32:44,90,Completed,
REQ00075,PT6962,Emergency Medicine,Post-op transfer to Recovery/Ward,2026-08-29 08:15:45,OT Complex - Theatre 1,OT Complex - Theatre 2,Routine,OT Coordinator,P05,2026-08-29 08:15:52,2026-08-29 08:17:58,2026-08-29 08:24:50,90,Completed,
REQ00373,PT9821,Orthopedics,Pre-op transfer to OT,2026-08-25 15:37:05,Ward B1 (Orthopedics),Emergency Department,Emergency,OT Coordinator,P01,2026-08-25 15:37:05,2026-08-25 15:40:40,2026-08-25 15:47:03,10,Completed,
REQ00065,PT7929,Radiology,Discharge transport,2026-08-28 21:35:21,Ward B2 (Orthopedics),OT Complex - Theatre 1,Urgent,Staff Nurse,,,,,30,Missed,No porter reached / call not picked up
REQ00049,PT8213,General Surgery,Discharge transport,2026-08-25 13:02:08,OT Complex - Theatre 3,Discharge Lounge,Urgent,Staff Nurse,,,,,30,Missed,No porter reached / call not picked up
REQ00526,PT8838,Oncology,Ward-to-ward transfer,2026-08-30 00:59:09,Ward C1 (Cardiology),Radiology - CT,Urgent,Staff Nurse,,,,,30,Missed,No porter reached / call not picked up
REQ00044,PT8451,Emergency Medicine,Pre-op transfer to OT,2026-08-25 10:44:31,NICU,radiology - x-ray,Routine,Staff Nurse,P06,2026-08-25 10:48:09,2026-08-25 10:50:21,2026-08-25 10:58:38,90,Completed,
REQ00090,PT5288,Emergency Medicine,Pre-op transfer to OT,2026-08-29 09:07:01,Ward C2 (Cardiology),OT Complex - Theatre 3,Routine,OT Coordinator,P08,2026-08-29 09:20:24,2026-08-29 09:24:50,2026-08-29 09:38:11,90,Completed,
REQ00255,PT4844,General Surgery,Post-op transfer to Recovery/Ward,2026-08-26 16:33:28,Radiology - X-Ray,Ward C2 (Cardiology),Urgent,OT Coordinator,P02,2026-08-26 16:42:56,2026-08-26 16:46:55,2026-08-26 17:00:46,30,Completed,
REQ00406,PT8688,Radiology,Post-op transfer to Recovery/Ward,2026-08-28 20:22:28,Radiology - X-Ray,Ward A1 (General Surgery),Urgent,OT Coordinator,P08,2026-08-28 20:31:24,2026-08-28 20:35:40,2026-08-28 20:47:27,30,Completed,
REQ00038,PT8690,Emergency Medicine,Diagnostic imaging,2026-08-26 15:08:40,OT Complex - Theatre 2,,Routine,Duty Doctor,P08,2026-08-26 15:22:06,2026-08-26 15:26:11,2026-08-26 15:40:40,90,Completed,
REQ00523,PT4994,Oncology,Post-op transfer to Recovery/Ward,2026-08-25 12:36:57,OT Complex - Theatre 1,Ward C2 (Cardiology),Urgent,Staff Nurse,P05,2026-08-25 12:42:48,2026-08-25 12:46:42,2026-08-25 12:56:59,30,Completed,
REQ00555,PT3639,Oncology,Discharge transport,2026-08-29 06:43:26,Radiology - MRI,Emergency Department,Routine,Ward Sister,,,,,90,Missed,No porter reached / call not picked up
REQ00037,PT9595,Oncology,Diagnostic imaging,2026-08-25 10:47:34,Ward C2 (Cardiology),ward d2 (oncology),Urgent,Radiology Tech,P05,2026-08-25 11:06:49,2026-08-25 11:07:50,2026-08-25 11:12:49,30,Completed,
REQ00305,PT5641,Radiology,Discharge transport,2026-08-24 08:22:35,emergency department,ICU,Urgent,Radiology Tech,,,,,30,Missed,No porter reached / call not picked up
REQ00333,PT8187,Emergency Medicine,Post-op transfer to Recovery/Ward,2026-08-26 06:17:09,Radiology - X-Ray,ward c2 (cardiology),Routine,Ward Sister,,,,,90,Missed,No porter reached / call not picked up
REQ00458,PT2565,Radiology,Post-op transfer to Recovery/Ward,2026-08-25 11:11:57,Discharge Lounge,Radiology - X-Ray,Routine,Duty Doctor,P01,2026-08-25 11:15:26,2026-08-25 11:19:45,2026-08-25 11:34:14,90,Completed,
REQ00018,PT6050,Orthopedics,Pre-op transfer to OT,2026-08-25 13:53:23,Dialysis Unit,Recovery / PACU,Urgent,OT Coordinator,P01,2026-08-25 14:00:55,2026-08-25 14:05:34,2026-08-25 14:15:43,30,Completed,
REQ00428,PT1985,Orthopedics,Pre-op transfer to OT,2026-08-28 12:00:52,OT Complex - Theatre 1,NICU,Routine,Duty Doctor,P05,2026-08-28 12:08:50,2026-08-28 12:10:47,2026-08-28 12:15:30,90,Completed,
REQ00366,PT2723,Radiology,ICU transfer,2026-08-24 19:51:30,Radiology - CT,Ward C2 (Cardiology),Emergency,Duty Doctor,P08,2026-08-24 20:14:40,2026-08-24 20:16:41,2026-08-24 20:23:16,10,Delayed,Handover receiving unit unavailable
REQ00301,PT6152,Nephrology,Diagnostic imaging,2026-08-25 14:24:11,Discharge Lounge,Ward B2 (Orthopedics),Routine,Staff Nurse,P05,2026-08-25 14:26:09,2026-08-25 14:27:50,2026-08-25 14:34:31,90,Completed,
REQ00554,PT3959,Cardiology,Diagnostic imaging,2026-08-28 18:07:29,Discharge Lounge,Ward B2 (Orthopedics),Emergency,Staff Nurse,P02,2026-08-28 18:18:42,2026-08-28 18:19:30,2026-08-28 18:24:46,10,Delayed,Equipment (wheelchair/trolley) unavailable
REQ00274,PT6827,General Surgery,ICU transfer,2026-08-26 20:32:35,Dialysis Unit,Discharge Lounge,Urgent,Ward Sister,P03,2026-08-26 20:44:37,2026-08-26 20:46:39,2026-08-26 20:57:54,30,Completed,
REQ00025,PT7547,Oncology,ICU transfer,2026-08-24 12:56:40,Dialysis Unit,Ward D1 (Oncology),Routine,Ward Sister,P03,2026-08-24 13:04:18,2026-08-24 13:05:26,2026-08-24 13:11:09,90,Completed,
REQ00304,PT5532,Orthopedics,Diagnostic imaging,2026-08-29 10:36:48,NICU,Ward D1 (Oncology),Urgent,Radiology Tech,P06,2026-08-29 10:36:48,2026-08-29 10:39:10,2026-08-29 10:43:46,30,Completed,
REQ00625,PT5396,Cardiology,Pre-op transfer to OT,2026-08-26 09:20:26,Radiology - MRI,OT Complex - Theatre 2,Urgent,Duty Doctor,P04,2026-08-26 09:22:30,2026-08-26 09:25:57,2026-08-26 09:34:23,30,Completed,
REQ00565,PT8548,Orthopedics,Dialysis session,2026-08-26 15:50:51,Radiology - MRI,ICU,Routine,Staff Nurse,P03,2026-08-26 15:57:25,2026-08-26 16:00:01,2026-08-26 16:04:56,90,Completed,
REQ00259,PT4089,Emergency Medicine,Diagnostic imaging,2026-08-24 16:51:18,Discharge Lounge,Ward D2 (Oncology),Routine,Duty Doctor,P07,2026-08-24 16:56:28,2026-08-24 16:58:57,2026-08-24 17:06:32,90,Completed,
REQ00379,PT5233,Orthopedics,Pre-op transfer to OT,2026-08-27 14:27:27,Ward A2 (General Surgery),Ward D2 (Oncology),Urgent,OT Coordinator,,,,,30,Missed,No porter reached / call not picked up
REQ00052,PT5183,Cardiology,ICU transfer,2026-08-29 09:58:37,Ward C1 (Cardiology),ICU,Routine,Staff Nurse,P08,2026-08-29 10:12:47,2026-08-29 10:15:58,2026-08-29 10:22:59,90,Completed,
REQ00376,PT5116,Oncology,ICU transfer,2026-08-30 10:51:19,Radiology - X-Ray,Dialysis Unit,Urgent,Radiology Tech,P08,2026-08-30 10:56:42,2026-08-30 10:59:25,2026-08-30 11:05:17,30,Completed,
REQ00472,PT7697,Emergency Medicine,Pre-op transfer to OT,2026-08-27 20:47:23,Radiology - MRI,OT Complex - Theatre 3,Urgent,Staff Nurse,P02,2026-08-27 20:56:03,2026-08-27 20:57:28,2026-08-27 21:05:19,30,Completed,
REQ00502,PT1119,Emergency Medicine,Post-op transfer to Recovery/Ward,2026-08-25 12:32:43,Recovery / PACU,Ward B2 (Orthopedics),Urgent,Duty Doctor,P06,2026-08-25 12:36:02,2026-08-25 12:41:17,2026-08-25 12:56:26,30,Completed,
REQ00125,PT4791,Nephrology,Ward-to-ward transfer,2026-08-30 06:52:42,Ward A2 (General Surgery),Ward A1 (General Surgery),Urgent,Staff Nurse,,,,,30,Missed,No porter reached / call not picked up
REQ00041,PT4241,Cardiology,Discharge transport,2026-08-26 16:44:55,OT Complex - Theatre 1,Ward B1 (Orthopedics),Routine,Duty Doctor,,,,,90,Missed,No porter reached / call not picked up
REQ00289,PT1694,Oncology,Discharge transport,2026-08-29 14:34:33,Ward A2 (General Surgery),Recovery / PACU,Emergency,Ward Sister,P07,2026-08-29 14:44:14,2026-08-29 14:49:24,2026-08-29 14:58:35,10,Delayed,Multiple concurrent emergencies diverted porter
REQ00476,PT3981,Orthopedics,ICU transfer,2026-08-26 16:10:11,Radiology - CT,Ward C2 (Cardiology),Routine,Radiology Tech,P02,2026-08-26 16:21:15,2026-08-26 16:23:03,2026-08-26 16:30:53,90,Completed,
REQ00050,PT8994,Radiology,Ward-to-ward transfer,2026-08-27 15:54:21,Recovery / PACU,unknown / see nursing station,Routine,Radiology Tech,P01,2026-08-27 15:54:21,2026-08-27 15:56:07,2026-08-27 16:01:46,90,Completed,
REQ00602,PT8274,Oncology,ICU transfer,2026-08-24 06:54:39,Radiology - MRI,OT Complex - Theatre 3,,Staff Nurse,,,,,10,Missed,No porter reached / call not picked up
REQ00572,PT8775,Orthopedics,Pre-op transfer to OT,2026-08-25 10:04:10,Ward C2 (Cardiology),radiology - ct,Routine,Duty Doctor,P06,2026-08-25 10:12:14,2026-08-25 10:17:35,2026-08-25 10:30:18,90,Completed,
REQ00528,PT1281,Orthopedics,Discharge transport,2026-08-30 15:47:14,Ward B1 (Orthopedics),ICU,Urgent,OT Coordinator,,,,,30,Missed,No porter reached / call not picked up
REQ00203,PT7979,Radiology,Diagnostic imaging,2026-08-24 07:11:55,Ward A2 (General Surgery),Emergency Department,Urgent,Staff Nurse,P02,2026-08-24 07:27:24,2026-08-24 07:29:15,2026-08-24 07:37:07,30,Completed,
REQ00643,PT1918,Nephrology,Pre-op transfer to OT,2026-08-29 08:47:11,Ward C1 (Cardiology),Ward B1 (Orthopedics),Urgent,Duty Doctor,P01,2026-08-29 08:50:31,2026-08-29 08:54:10,2026-08-29 09:02:59,30,Completed,
REQ00346,PT2075,Radiology,Discharge transport,2026-08-30 13:18:28,,Radiology - CT,Routine,Ward Sister,P08,2026-08-30 13:28:24,2026-08-30 13:33:17,2026-08-30 13:45:38,90,Completed,
REQ00008,PT8962,General Surgery,Ward-to-ward transfer,2026-08-30 17:15:03,Ward D2 (Oncology),Discharge Lounge,Routine,Staff Nurse,P03,2026-08-30 17:20:29,2026-08-30 17:23:19,2026-08-30 17:33:12,90,Completed,
REQ00154,PT3290,Cardiology,Discharge transport,2026-08-24 07:07:37,Radiology - MRI,Radiology - CT,,Ward Sister,P05,2026-08-24 07:18:57,2026-08-24 07:19:47,2026-08-24 07:23:50,90,Completed,
REQ00082,PT1311,General Surgery,Pre-op transfer to OT,2026-08-26 20:30:44,Ward C1 (Cardiology),OT Complex - Theatre 3,Urgent,OT Coordinator,P04,2026-08-26 20:39:44,2026-08-26 20:44:27,2026-08-26 20:53:21,30,Completed,
REQ00393,PT4000,General Surgery,Post-op transfer to Recovery/Ward,2026-08-30 20:40:51,OT Complex - Theatre 1,Ward A2 (General Surgery),Urgent,Staff Nurse,P08,2026-08-30 20:48:14,2026-08-30 20:54:41,2026-08-30 21:05:22,30,Completed,
REQ00545,PT3059,Nephrology,Discharge transport,2026-08-30 21:26:16,OT Complex - Theatre 3,Ward A1 (General Surgery),Routine,Duty Doctor,,,,,90,Missed,No porter reached / call not picked up
REQ00628,PT7190,Nephrology,Discharge transport,2026-08-25 15:44:15,Ward A2 (General Surgery),NICU,Routine,Duty Doctor,P03,2026-08-25 15:54:02,2026-08-25 15:57:55,2026-08-25 16:04:44,90,Completed,
REQ00588,PT3955,Emergency Medicine,Ward-to-ward transfer,2026-08-27 06:53:41,OT Complex - Theatre 2,Radiology - MRI,Routine,Radiology Tech,,,,,90,Missed,No porter reached / call not picked up
REQ00115,PT7887,Orthopedics,Discharge transport,2026-08-24 22:30:02,NICU,OT Complex - Theatre 1,Urgent,OT Coordinator,,,,,30,Missed,No porter reached / call not picked up
REQ00374,PT9138,Orthopedics,Diagnostic imaging,2026-08-27 10:06:51,OT Complex - Theatre 2,Ward B2 (Orthopedics),Routine,Radiology Tech,P06,2026-08-27 10:09:29,2026-08-27 10:15:01,2026-08-27 10:28:47,90,Completed,
REQ00548,PT9924,Radiology,Discharge transport,2026-08-30 18:05:41,Ward A1 (General Surgery),OT Complex - Theatre 1,Emergency,Staff Nurse,P08,2026-08-30 18:07:43,2026-08-30 18:11:28,2026-08-30 18:21:01,10,Delayed,Equipment (wheelchair/trolley) unavailable
REQ00344,PT1669,Oncology,Dialysis session,2026-08-28 20:43:23,Ward A2 (General Surgery),Ward C1 (Cardiology),Urgent,OT Coordinator,,,,,30,Missed,No porter reached / call not picked up
REQ00485,PT7359,Emergency Medicine,Post-op transfer to Recovery/Ward,2026-08-26 21:36:47,Ward A1 (General Surgery),Emergency Department,Emergency,Duty Doctor,,,,,10,Missed,No porter reached / call not picked up
REQ00382,PT8786,Orthopedics,Diagnostic imaging,2026-08-24 10:27:30,Ward D2 (Oncology),NICU,Routine,OT Coordinator,P05,2026-08-24 10:40:11,2026-08-24 10:44:27,2026-08-24 10:55:32,90,Completed,
REQ00515,PT1358,Emergency Medicine,Dialysis session,2026-08-26 12:45:07,Radiology - X-Ray,Ward B1 (Orthopedics),Routine,Ward Sister,P05,2026-08-26 12:52:04,2026-08-26 12:55:53,2026-08-26 13:08:04,90,Completed,
REQ00462,PT1076,Oncology,Pre-op transfer to OT,2026-08-24 18:51:33,unknown / see nursing station,Radiology - X-Ray,Routine,Staff Nurse,P07,2026-08-24 19:05:56,2026-08-24 19:10:20,2026-08-24 19:17:56,90,Completed,
REQ00119,PT7244,Cardiology,Ward-to-ward transfer,2026-08-28 19:58:11,Radiology - X-Ray,Dialysis Unit,Routine,Radiology Tech,P06,2026-08-28 20:04:08,2026-08-28 20:06:34,2026-08-28 20:13:49,90,Completed,
REQ00265,PT6544,Oncology,Pre-op transfer to OT,2026-08-29 12:38:09,Radiology - CT,Ward B1 (Orthopedics),Urgent,Staff Nurse,P01,2026-08-29 12:44:00,2026-08-29 12:48:34,2026-08-29 12:58:29,30,Completed,
REQ00597,PT8899,Radiology,Pre-op transfer to OT,2026-08-30 17:12:34,Discharge Lounge,Radiology - MRI,Routine,Staff Nurse,P07,2026-08-30 17:21:28,2026-08-30 17:24:26,2026-08-30 17:31:00,90,Completed,
REQ00311,PT1003,Radiology,Discharge transport,2026-08-29 06:13:52,Ward C1 (Cardiology),Discharge Lounge,Routine,Ward Sister,,,,,90,Missed,No porter reached / call not picked up
REQ00056,PT3306,Oncology,Pre-op transfer to OT,2026-08-25 09:52:30,nicu,Radiology - CT,Routine,Ward Sister,P07,2026-08-25 10:02:32,2026-08-25 10:06:08,2026-08-25 10:14:50,90,Completed,
REQ00433,PT9093,Emergency Medicine,Dialysis session,2026-08-25 00:52:40,,Ward B2 (Orthopedics),Routine,Ward Sister,,,,,90,Missed,No porter reached / call not picked up
REQ00412,PT8251,Cardiology,Pre-op transfer to OT,2026-08-30 12:58:26,OT Complex - Theatre 1,Recovery / PACU,Routine,Ward Sister,,,,,90,Missed,No porter reached / call not picked up
REQ00498,PT7203,Oncology,Post-op transfer to Recovery/Ward,2026-08-26 17:09:55,Ward D2 (Oncology),NICU,Emergency,Staff Nurse,P02,2026-08-26 17:22:40,2026-08-26 17:25:27,2026-08-26 17:36:30,10,Delayed,Handover receiving unit unavailable
REQ00012,PT3724,Nephrology,Post-op transfer to Recovery/Ward,2026-08-24 15:34:53,ward a1,Ward B2 (Orthopedics),Routine,Duty Doctor,P08,2026-08-24 15:45:10,2026-08-24 15:45:58,2026-08-24 15:51:38,90,Completed,
REQ00466,PT1347,General Surgery,Post-op transfer to Recovery/Ward,2026-08-27 13:47:14,,Discharge Lounge,Routine,Radiology Tech,P02,2026-08-27 13:51:44,2026-08-27 13:56:27,2026-08-27 14:10:36,90,Completed,
REQ00599,PT3005,Oncology,Ward-to-ward transfer,2026-08-26 14:56:15,NICU,Ward C1 (Cardiology),Routine,Staff Nurse,P02,2026-08-26 15:04:14,2026-08-26 15:07:26,2026-08-26 15:13:14,90,Completed,
REQ00520,PT7479,Cardiology,Post-op transfer to Recovery/Ward,2026-08-30 15:38:35,unknown / see nursing station,OT Complex - Theatre 2,Urgent,Ward Sister,P08,2026-08-30 15:38:35,2026-08-30 15:42:55,2026-08-30 15:56:39,30,Completed,
REQ00634,PT9594,Oncology,Post-op transfer to Recovery/Ward,2026-08-29 07:12:28,Ward B2 (Orthopedics),Ward A2 (General Surgery),Routine,Duty Doctor,P03,2026-08-29 07:20:21,2026-08-29 07:21:32,2026-08-29 07:24:49,90,Completed,
REQ00327,PT8833,Nephrology,ICU transfer,2026-08-25 16:57:25,Dialysis Unit,Ward A1 (General Surgery),Routine,Duty Doctor,,,,,90,Missed,No porter reached / call not picked up
REQ00165,PT3141,General Surgery,ICU transfer,2026-08-24 13:40:52,Radiology - MRI,,Routine,Ward Sister,P05,2026-08-24 13:48:30,2026-08-24 13:53:24,2026-08-24 14:05:43,90,Completed,
REQ00013,PT1958,Cardiology,Post-op transfer to Recovery/Ward,2026-08-30 12:27:44,Recovery / PACU,unknown / see nursing station,Urgent,Radiology Tech,P01,2026-08-30 12:35:42,2026-08-30 12:36:37,2026-08-30 12:39:58,30,Completed,
REQ00415,PT6582,Cardiology,Dialysis session,2026-08-25 13:34:18,Ward D1 (Oncology),Ward B1 (Orthopedics),Routine,Ward Sister,P01,2026-08-25 13:52:50,2026-08-25 13:55:17,2026-08-25 14:01:43,90,Completed,
REQ00104,PT5331,Nephrology,Ward-to-ward transfer,2026-08-25 12:34:21,Recovery / PACU,Radiology - CT,Routine,Radiology Tech,P08,2026-08-25 12:43:35,2026-08-25 12:46:00,2026-08-25 12:55:02,90,Completed,
REQ00355,PT3243,Radiology,Dialysis session,2026-08-24 11:58:17,Radiology - X-Ray,Ward C2 (Cardiology),Routine,Ward Sister,P03,2026-08-24 12:08:44,2026-08-24 12:11:21,2026-08-24 12:16:17,90,Completed,
REQ00085,PT3868,Nephrology,Ward-to-ward transfer,2026-08-28 16:21:08,ward a2 (general surgery),Radiology - MRI,Routine,Duty Doctor,P08,2026-08-28 16:21:43,2026-08-28 16:24:50,2026-08-28 16:36:43,90,Completed,
REQ00477,PT5802,Orthopedics,Pre-op transfer to OT,2026-08-30 11:40:58,discharge lounge,Ward B2 (Orthopedics),Routine,Staff Nurse,P07,2026-08-30 11:50:30,2026-08-30 11:51:55,2026-08-30 11:59:28,90,Completed,
REQ00109,PT9261,Orthopedics,Discharge transport,2026-08-26 10:41:34,OT Complex - Theatre 3,OT Complex - Theatre 2,Routine,Duty Doctor,P05,2026-08-26 10:50:35,2026-08-26 10:52:09,2026-08-26 10:59:40,90,Completed,
REQ00530,PT1204,Orthopedics,Pre-op transfer to OT,2026-08-30 14:10:01,Ward C1 (Cardiology),Radiology - MRI,Urgent,Radiology Tech,P07,2026-08-30 14:18:58,2026-08-30 14:22:28,2026-08-30 14:32:45,30,Completed,
REQ00611,PT6930,Nephrology,Discharge transport,2026-08-26 09:53:36,,Ward D2 (Oncology),Urgent,Ward Sister,P08,2026-08-26 09:55:13,2026-08-26 09:59:24,2026-08-26 10:08:53,30,Completed,
REQ00168,PT7098,Nephrology,ICU transfer,2026-08-30 17:07:00,Ward A2 (General Surgery),ICU,Urgent,Staff Nurse,P05,2026-08-30 17:14:54,2026-08-30 17:18:23,2026-08-30 17:27:12,30,Completed,
REQ00184,PT6343,Emergency Medicine,ICU transfer,2026-08-29 08:38:16,Emergency Department,Ward B1 (Orthopedics),Emergency,OT Coordinator,P08,2026-08-29 08:44:22,2026-08-29 08:47:40,2026-08-29 08:56:29,10,Delayed,Equipment (wheelchair/trolley) unavailable
REQ00432,PT5967,Emergency Medicine,Ward-to-ward transfer,2026-08-29 02:17:43,Radiology - CT,Ward D1 (Oncology),Emergency,Ward Sister,,,,,10,Missed,No porter reached / call not picked up
REQ00268,PT3525,Oncology,Discharge transport,2026-08-24 15:34:52,,Ward D1 (Oncology),Routine,Radiology Tech,P05,2026-08-24 15:42:30,2026-08-24 15:45:11,2026-08-24 15:55:48,90,Completed,
REQ00036,PT7046,Cardiology,Ward-to-ward transfer,2026-08-27 17:05:18,Ward D2 (Oncology),Radiology - X-Ray,Routine,Duty Doctor,P06,2026-08-27 17:17:27,2026-08-27 17:19:28,2026-08-27 17:27:59,90,Completed,
REQ00493,PT9830,Nephrology,Dialysis session,2026-08-28 17:50:51,OT Complex - Theatre 3,OT Complex - Theatre 2,Emergency,Staff Nurse,P04,2026-08-28 18:11:21,2026-08-28 18:12:11,2026-08-28 18:18:35,10,Delayed,Handover receiving unit unavailable
REQ00635,PT9572,Orthopedics,Diagnostic imaging,2026-08-29 09:20:39,Radiology - CT,Discharge Lounge,Routine,Ward Sister,P06,2026-08-29 09:24:07,2026-08-29 09:28:14,2026-08-29 09:35:26,90,Completed,
REQ00319,PT3873,Cardiology,Discharge transport,2026-08-29 07:11:58,Dialysis Unit,Ward C1 (Cardiology),Routine,OT Coordinator,,,,,90,Missed,No porter reached / call not picked up
REQ00292,PT7874,Radiology,Pre-op transfer to OT,2026-08-28 18:55:09,Ward C2 (Cardiology),Ward C1 (Cardiology),,OT Coordinator,P05,2026-08-28 19:08:41,2026-08-28 19:09:38,2026-08-28 19:12:03,30,Completed,
REQ00155,PT1894,Oncology,Diagnostic imaging,2026-08-30 15:19:13,OT Complex - Theatre 3,Recovery / PACU,Urgent,Ward Sister,P08,2026-08-30 15:23:51,2026-08-30 15:25:26,,30,Cancelled,Patient condition changed
REQ00436,PT2029,Cardiology,Diagnostic imaging,2026-08-29 09:44:27,Ward B1 (Orthopedics),ICU,Urgent,Staff Nurse,P01,2026-08-29 09:58:37,2026-08-29 10:00:22,2026-08-29 10:07:28,30,Completed,
REQ00185,PT5327,Cardiology,ICU transfer,2026-08-24 20:36:49,Ward B2 (Orthopedics),Emergency Department,Routine,Duty Doctor,P08,2026-08-24 20:38:42,2026-08-24 20:41:30,2026-08-24 20:50:40,90,Completed,
REQ00394,PT5654,Orthopedics,Discharge transport,2026-08-27 07:46:55,Ward C1 (Cardiology),Ward B2 (Orthopedics),,Ward Sister,P03,2026-08-27 08:02:32,2026-08-27 08:04:44,2026-08-27 08:09:02,30,Completed,
REQ00348,PT9986,Radiology,Dialysis session,2026-08-26 11:21:41,Emergency Department,OT Complex - Theatre 3,Routine,Duty Doctor,P08,2026-08-26 11:30:12,2026-08-26 11:33:15,2026-08-26 11:42:51,90,Completed,
REQ00096,PT6573,Oncology,Post-op transfer to Recovery/Ward,2026-08-26 12:44:03,Ward C2 (Cardiology),OT Complex - Theatre 2,Urgent,Radiology Tech,P03,2026-08-26 12:48:29,2026-08-26 12:52:12,2026-08-26 13:04:42,30,Completed,
REQ00446,PT3434,Emergency Medicine,Diagnostic imaging,2026-08-29 09:02:48,unknown / see nursing station,Dialysis Unit,Urgent,OT Coordinator,P04,2026-08-29 09:21:32,2026-08-29 09:25:05,2026-08-29 09:35:34,30,Delayed,Equipment (wheelchair/trolley) unavailable
REQ00310,PT8294,General Surgery,Discharge transport,2026-08-29 14:31:07,Dialysis Unit,OT Complex - Theatre 1,Urgent,Ward Sister,P05,2026-08-29 14:32:51,2026-08-29 14:37:20,2026-08-29 14:47:52,30,Completed,
REQ00217,PT4170,Orthopedics,Discharge transport,2026-08-29 16:23:48,Dialysis Unit,Recovery / PACU,Routine,OT Coordinator,P08,2026-08-29 16:35:48,2026-08-29 16:41:05,2026-08-29 16:53:30,90,Completed,
REQ00046,PT3522,Radiology,Discharge transport,2026-08-28 11:14:53,Ward B2 (Orthopedics),OT Complex - Theatre 2,Routine,Duty Doctor,P05,2026-08-28 11:19:59,2026-08-28 11:24:33,2026-08-28 11:35:18,90,Completed,
REQ00193,PT8794,Radiology,Discharge transport,2026-08-29 23:52:12,unknown / see nursing station,Ward D2 (Oncology),Routine,OT Coordinator,,,,,90,Missed,No porter reached / call not picked up
REQ00512,PT4028,General Surgery,ICU transfer,2026-08-29 16:13:18,OT Complex - Theatre 2,ICU,Routine,OT Coordinator,P08,2026-08-29 16:17:58,2026-08-29 16:20:44,,90,Cancelled,Procedure postponed
REQ00142,PT5873,Emergency Medicine,Post-op transfer to Recovery/Ward,2026-08-27 14:37:07,Radiology - CT,Radiology - MRI,Routine,Radiology Tech,P02,2026-08-27 14:48:05,2026-08-27 14:48:57,2026-08-27 14:52:44,90,Completed,
REQ00236,PT2778,Oncology,Post-op transfer to Recovery/Ward,2026-08-29 10:29:38,Dialysis Unit,Ward B1 (Orthopedics),Urgent,Staff Nurse,P04,2026-08-29 10:43:49,2026-08-29 10:44:37,2026-08-29 10:49:12,30,Completed,
REQ00080,PT8873,General Surgery,Ward-to-ward transfer,2026-08-27 13:26:10,Ward D1 (Oncology),Ward C1 (Cardiology),Routine,OT Coordinator,P02,2026-08-27 13:36:22,2026-08-27 13:37:20,2026-08-27 13:40:27,90,Completed,
REQ00408,PT3598,Cardiology,Diagnostic imaging,2026-08-27 10:13:35,Ward A2 (General Surgery),Ward A1 (General Surgery),Urgent,Ward Sister,P01,2026-08-27 10:13:35,2026-08-27 10:15:02,2026-08-27 10:19:30,30,Completed,
REQ00002,PT8527,Nephrology,Pre-op transfer to OT,2026-08-26 07:24:06,Radiology - CT,Radiology - MRI,Routine,Radiology Tech,P02,2026-08-26 07:31:27,2026-08-26 07:33:25,2026-08-26 07:40:03,90,Completed,
REQ00514,PT3517,Orthopedics,Dialysis session,2026-08-24 20:39:21,NICU,OT Complex - Theatre 3,Routine,Staff Nurse,P03,2026-08-24 20:52:49,2026-08-24 20:56:23,2026-08-24 21:08:05,90,Completed,
REQ00349,PT9770,Emergency Medicine,Post-op transfer to Recovery/Ward,2026-08-30 18:09:22,nicu,OT Complex - Theatre 2,Routine,OT Coordinator,P03,2026-08-30 18:28:40,2026-08-30 18:31:37,2026-08-30 18:38:59,90,Completed,
REQ00371,PT9837,Oncology,Ward-to-ward transfer,2026-08-27 07:45:24,OT Complex - Theatre 2,Ward B2 (Orthopedics),Routine,Radiology Tech,P08,2026-08-27 07:45:24,2026-08-27 07:50:50,2026-08-27 08:01:00,90,Completed,
REQ00378,PT5702,Cardiology,Discharge transport,2026-08-27 10:53:58,ward b1 (orthopedics),Ward D2 (Oncology),Routine,Ward Sister,P05,2026-08-27 11:08:20,2026-08-27 11:10:18,2026-08-27 11:15:54,90,Completed,
REQ00241,PT1852,Radiology,Ward-to-ward transfer,2026-08-25 07:32:25,,Dialysis Unit,Routine,Ward Sister,P07,2026-08-25 07:41:01,2026-08-25 07:43:12,2026-08-25 07:51:24,90,Completed,
REQ00183,PT3415,Emergency Medicine,Discharge transport,2026-08-27 10:25:57,Ward A2 (General Surgery),Recovery / PACU,Routine,Staff Nurse,P08,2026-08-27 10:42:00,2026-08-27 10:49:15,2026-08-27 11:07:41,90,Completed,
REQ00228,PT2783,Cardiology,ICU transfer,2026-08-29 16:56:30,OT Complex - Theatre 1,OT Complex - Theatre 2,Urgent,Ward Sister,P02,2026-08-29 17:09:02,2026-08-29 17:11:05,2026-08-29 17:15:11,30,Completed,
REQ00028,PT7883,General Surgery,Post-op transfer to Recovery/Ward,2026-08-29 09:26:26,Emergency Department,Dialysis Unit,Routine,Duty Doctor,P01,2026-08-29 09:39:05,2026-08-29 09:42:08,,90,Cancelled,Patient condition changed
REQ00601,PT3325,Nephrology,Discharge transport,2026-08-28 09:47:35,Ward D1 (Oncology),Ward B2 (Orthopedics),Urgent,Staff Nurse,P04,2026-08-28 09:52:48,2026-08-28 09:53:54,2026-08-28 09:58:37,30,Completed,
REQ00501,PT3705,Orthopedics,Pre-op transfer to OT,2026-08-26 11:20:54,Ward B1 (Orthopedics),Ward B2 (Orthopedics),Emergency,Radiology Tech,,,,,10,Missed,No porter reached / call not picked up
REQ00356,PT3938,Cardiology,ICU transfer,2026-08-30 00:16:19,OT Complex - Theatre 2,Ward B2 (Orthopedics),Routine,Duty Doctor,,,,,90,Missed,No porter reached / call not picked up
REQ00074,PT4084,Nephrology,Dialysis session,2026-08-28 13:29:37,Recovery / PACU,Ward A2 (General Surgery),Urgent,OT Coordinator,P08,2026-08-28 13:38:00,2026-08-28 13:41:11,2026-08-28 13:49:56,30,Completed,
REQ00547,PT3664,Emergency Medicine,Dialysis session,2026-08-30 10:59:11,OT Complex - Theatre 1,Radiology - X-Ray,Urgent,Radiology Tech,P07,2026-08-30 10:59:11,2026-08-30 11:02:25,2026-08-30 11:10:29,30,Completed,
REQ00642,PT1498,Emergency Medicine,Discharge transport,2026-08-26 15:25:02,ICU,nicu,,Duty Doctor,P08,2026-08-26 15:35:30,2026-08-26 15:36:18,2026-08-26 15:41:38,90,Completed,
REQ00612,PT3052,Nephrology,Discharge transport,2026-08-26 15:38:14,OT Complex - Theatre 1,Radiology - X-Ray,Urgent,Radiology Tech,P04,2026-08-26 15:40:08,2026-08-26 15:42:28,2026-08-26 15:47:57,30,Completed,
REQ00435,PT9119,Emergency Medicine,ICU transfer,2026-08-30 20:27:54,Radiology - X-Ray,ICU,Urgent,OT Coordinator,P01,2026-08-30 20:39:05,2026-08-30 20:40:54,,30,Cancelled,Duplicate request
REQ00290,PT8400,Oncology,Discharge transport,2026-08-27 08:18:39,Ward A2 (General Surgery),Recovery / PACU,,Staff Nurse,P02,2026-08-27 08:33:17,2026-08-27 08:38:56,2026-08-27 08:53:49,90,Completed,
REQ00335,PT6699,Nephrology,Diagnostic imaging,2026-08-24 14:45:31,Discharge Lounge,Ward B1 (Orthopedics),Routine,Duty Doctor,P01,2026-08-24 14:49:51,2026-08-24 14:50:52,2026-08-24 15:01:51,90,Completed,
REQ00410,PT6925,Nephrology,Post-op transfer to Recovery/Ward,2026-08-24 17:02:32,Ward B2 (Orthopedics),Ward D1 (Oncology),Routine,Ward Sister,P05,2026-08-24 17:13:03,2026-08-24 17:14:54,2026-08-24 17:18:40,90,Completed,
REQ00137,PT9796,Cardiology,Ward-to-ward transfer,2026-08-28 20:55:44,Radiology - X-Ray,Dialysis Unit,Emergency,Radiology Tech,P02,2026-08-28 21:07:14,2026-08-28 21:10:49,2026-08-28 21:19:34,10,Delayed,Handover receiving unit unavailable
REQ00326,PT2194,General Surgery,Pre-op transfer to OT,2026-08-30 12:39:41,ward b2 (orthopedics),OT-2,Routine,Staff Nurse,P05,2026-08-30 12:50:13,2026-08-30 12:55:27,2026-08-30 13:06:54,90,Completed,
REQ00132,PT8353,Orthopedics,ICU transfer,2026-08-24 20:28:23,ICU,Ward B2 (Orthopedics),,Radiology Tech,P07,2026-08-24 20:38:05,2026-08-24 20:41:34,2026-08-24 20:51:18,30,Completed,
REQ00397,PT3669,Nephrology,Post-op transfer to Recovery/Ward,2026-08-27 07:16:11,Ward D2 (Oncology),Radiology - X-Ray,Emergency,Duty Doctor,P07,2026-08-27 07:21:59,2026-08-27 07:26:30,2026-08-27 07:36:41,10,Delayed,Handover receiving unit unavailable
REQ00099,PT4189,Emergency Medicine,Dialysis session,2026-08-26 16:48:25,unknown / see nursing station,Ward A2 (General Surgery),Urgent,OT Coordinator,P05,2026-08-26 17:02:46,2026-08-26 17:07:24,2026-08-26 17:18:28,30,Delayed,Porter occupied with another transfer
REQ00249,PT8490,Nephrology,Post-op transfer to Recovery/Ward,2026-08-27 20:02:32,Radiology - CT,Radiology - X-Ray,Routine,Staff Nurse,P08,2026-08-27 20:10:13,2026-08-27 20:11:30,2026-08-27 20:16:33,90,Completed,
REQ00475,PT6642,Emergency Medicine,Discharge transport,2026-08-29 19:37:19,Radiology - X-Ray,Ward B1 (Orthopedics),Emergency,Ward Sister,P05,2026-08-29 19:45:12,2026-08-29 19:47:33,,10,Cancelled,Duplicate request
REQ00386,PT8837,Cardiology,ICU transfer,2026-08-25 09:45:49,unknown / see nursing station,OT Complex - Theatre 1,Routine,Ward Sister,P05,2026-08-25 09:50:50,2026-08-25 09:55:32,2026-08-25 10:08:58,90,Completed,
REQ00484,PT2895,Orthopedics,Diagnostic imaging,2026-08-29 16:41:41,Recovery / PACU,Radiology - X-Ray,Routine,OT Coordinator,P02,2026-08-29 16:41:41,2026-08-29 16:44:26,2026-08-29 16:53:45,90,Completed,
REQ00218,PT1833,Cardiology,Dialysis session,2026-08-28 18:00:21,OT Complex - Theatre 1,Ward C1 (Cardiology),Emergency,Radiology Tech,P05,2026-08-28 18:11:46,2026-08-28 18:14:55,2026-08-28 18:23:49,10,Delayed,Ward could not release patient on time
REQ00404,PT8364,Oncology,Pre-op transfer to OT,2026-08-27 11:07:10,ward c1 (cardiology),OT Complex - Theatre 2,Routine,Radiology Tech,P04,2026-08-27 11:09:58,2026-08-27 11:14:29,2026-08-27 11:27:44,90,Completed,
REQ00564,PT7043,General Surgery,Post-op transfer to Recovery/Ward,2026-08-24 18:08:06,Emergency Department,OT Complex - Theatre 1,Urgent,Radiology Tech,P01,2026-08-24 18:19:22,2026-08-24 18:24:03,2026-08-24 18:33:26,30,Completed,
REQ00483,PT3224,Radiology,Pre-op transfer to OT,2026-08-26 19:49:17,Ward D2 (Oncology),NICU,Routine,Radiology Tech,P08,2026-08-26 20:05:02,2026-08-26 20:07:54,2026-08-26 20:19:24,90,Completed,
REQ00103,PT7723,Radiology,Post-op transfer to Recovery/Ward,2026-08-29 07:01:28,Emergency Department,OT Complex - Theatre 1,Urgent,Radiology Tech,P08,2026-08-29 07:16:17,2026-08-29 07:26:57,2026-08-29 07:18:33,30,Completed,
REQ00353,PT7513,Radiology,Diagnostic imaging,2026-08-28 11:31:20,unknown / see nursing station,OT Complex - Theatre 3,Routine,Ward Sister,P07,2026-08-28 11:35:22,2026-08-28 11:41:08,2026-08-28 11:53:23,90,Completed,
REQ00164,PT5584,Orthopedics,Ward-to-ward transfer,2026-08-24 08:15:26,OT Complex - Theatre 2,Ward A2 (General Surgery),Routine,Staff Nurse,P01,2026-08-24 08:15:26,2026-08-24 08:22:08,2026-08-24 08:34:09,90,Completed,
REQ00489,PT3372,Oncology,Diagnostic imaging,2026-08-29 10:41:10,Dialysis Unit,Ward C1 (Cardiology),Urgent,Ward Sister,P04,2026-08-29 10:50:29,2026-08-29 10:51:17,2026-08-29 10:55:23,30,Completed,
REQ00006,PT5119,Oncology,Dialysis session,2026-08-30 15:38:04,Radiology - MRI,Radiology - X-Ray,Routine,Radiology Tech,P01,2026-08-30 16:06:28,2026-08-30 16:07:30,2026-08-30 16:12:09,90,Completed,
REQ00384,PT7656,Nephrology,Ward-to-ward transfer,2026-08-25 18:10:58,OT Complex - Theatre 1,Emergency Department,Routine,Staff Nurse,P05,2026-08-25 18:15:44,2026-08-25 18:19:56,2026-08-25 18:27:27,90,Completed,
REQ00569,PT7503,Orthopedics,Post-op transfer to Recovery/Ward,2026-08-27 10:07:59,Recovery / PACU,Ward B1 (Orthopedics),Urgent,Radiology Tech,P07,2026-08-27 10:14:00,2026-08-27 10:19:11,2026-08-27 10:30:50,30,Completed,
REQ00158,PT8428,Oncology,Pre-op transfer to OT,2026-08-29 12:54:15,Ward A2 (General Surgery),ICU,Emergency,Radiology Tech,P01,2026-08-29 12:55:17,2026-08-29 12:58:01,,10,Cancelled,Duplicate request
REQ00251,PT8749,Radiology,Post-op transfer to Recovery/Ward,2026-08-25 14:54:24,Ward D1 (Oncology),Ward C1 (Cardiology),Routine,Staff Nurse,P03,2026-08-25 14:59:33,2026-08-25 15:00:57,2026-08-25 15:09:16,90,Completed,
REQ00093,PT9238,Orthopedics,ICU transfer,2026-08-29 13:08:56,Recovery / PACU,Discharge Lounge,Urgent,Staff Nurse,P02,2026-08-29 13:11:51,2026-08-29 13:16:58,2026-08-29 13:31:07,30,Completed,
REQ00448,PT5170,Nephrology,Diagnostic imaging,2026-08-30 09:13:19,Radiology - X-Ray,Radiology - MRI,Routine,Radiology Tech,P02,2026-08-30 09:27:21,2026-08-30 09:28:46,2026-08-30 09:35:32,90,Completed,
REQ00209,PT4652,General Surgery,Discharge transport,2026-08-28 14:41:42,OT Complex - Theatre 1,Emergency Department,Urgent,Duty Doctor,P06,2026-08-28 14:41:56,2026-08-28 14:44:44,2026-08-28 14:50:02,30,Completed,
REQ00242,PT3871,Emergency Medicine,Pre-op transfer to OT,2026-08-24 16:59:25,Discharge Lounge,OT Complex - Theatre 3,Urgent,Duty Doctor,P08,2026-08-24 17:09:14,2026-08-24 17:15:59,2026-08-24 17:30:23,30,Delayed,Patient not ready (prep incomplete)
REQ00190,PT1138,Radiology,Post-op transfer to Recovery/Ward,2026-08-24 18:49:43,Ward A1 (General Surgery),OT Complex - Theatre 3,Routine,Ward Sister,P05,2026-08-24 18:50:54,2026-08-24 18:54:37,2026-08-24 19:01:11,90,Completed,
REQ00083,PT9782,Nephrology,ICU transfer,2026-08-24 09:40:50,unknown / see nursing station,OT Complex - Theatre 1,Emergency,Staff Nurse,P04,2026-08-24 09:47:51,2026-08-24 09:52:24,2026-08-24 10:05:05,10,Delayed,Multiple concurrent emergencies diverted porter
REQ00315,PT1121,Orthopedics,ICU transfer,2026-08-27 13:35:52,OT Complex - Theatre 1,Radiology - MRI,Urgent,Radiology Tech,P08,2026-08-27 13:46:23,2026-08-27 13:48:06,2026-08-27 13:52:37,30,Completed,
REQ00309,PT2082,Oncology,ICU transfer,2026-08-27 11:26:15,Discharge Lounge,Ward D2 (Oncology),Routine,OT Coordinator,P04,2026-08-27 11:37:23,2026-08-27 11:38:36,2026-08-27 11:44:52,90,Completed,
REQ00177,PT2110,Orthopedics,Post-op transfer to Recovery/Ward,2026-08-24 17:42:40,Emergency Department,OT Complex - Theatre 2,Emergency,OT Coordinator,P05,2026-08-24 17:52:52,2026-08-24 17:54:49,2026-08-24 18:03:49,10,Delayed,Multiple concurrent emergencies diverted porter
